Algorithm,time,n
sorted_python,1.9073486328125e-06,1
sorted_python,2.1457672119140625e-06,51
sorted_python,1.1920928955078125e-06,101
sorted_python,9.5367431640625e-07,151
sorted_python,9.5367431640625e-07,201
sorted_python,9.5367431640625e-07,251
sorted_python,9.5367431640625e-07,301
sorted_python,7.152557373046875e-07,351
sorted_python,7.152557373046875e-07,401
sorted_python,9.5367431640625e-07,451
sorted_python,4.0531158447265625e-06,501
sorted_python,1.9073486328125e-06,551
sorted_python,1.9073486328125e-06,601
sorted_python,4.0531158447265625e-06,651
sorted_python,3.0994415283203125e-06,701
sorted_python,5.245208740234375e-06,751
sorted_python,2.1457672119140625e-06,801
sorted_python,5.0067901611328125e-06,851
sorted_python,3.0994415283203125e-06,901
sorted_python,5.9604644775390625e-06,951
sorted_python,4.76837158203125e-06,1001
sorted_python,6.9141387939453125e-06,1051
sorted_python,5.0067901611328125e-06,1101
sorted_python,2.86102294921875e-06,1151
sorted_python,4.0531158447265625e-06,1201
sorted_python,7.867813110351562e-06,1251
sorted_python,5.7220458984375e-06,1301
sorted_python,4.0531158447265625e-06,1351
sorted_python,5.0067901611328125e-06,1401
sorted_python,4.0531158447265625e-06,1451
sorted_python,4.76837158203125e-06,1501
sorted_python,4.0531158447265625e-06,1551
sorted_python,4.0531158447265625e-06,1601
sorted_python,5.9604644775390625e-06,1651
sorted_python,3.814697265625e-06,1701
sorted_python,8.106231689453125e-06,1751
sorted_python,4.76837158203125e-06,1801
sorted_python,5.0067901611328125e-06,1851
sorted_python,5.0067901611328125e-06,1901
sorted_python,3.814697265625e-06,1951
sorted_python,6.9141387939453125e-06,2001
sorted_python,5.9604644775390625e-06,2051
sorted_python,5.0067901611328125e-06,2101
sorted_python,5.0067901611328125e-06,2151
sorted_python,4.291534423828125e-06,2201
sorted_python,7.867813110351562e-06,2251
sorted_python,6.198883056640625e-06,2301
sorted_python,6.198883056640625e-06,2351
sorted_python,1.0013580322265625e-05,2401
sorted_python,6.9141387939453125e-06,2451
sorted_python,1.3113021850585938e-05,2501
sorted_python,1.4066696166992188e-05,2551
sorted_python,1.1920928955078125e-05,2601
sorted_python,1.1205673217773438e-05,2651
sorted_python,7.867813110351562e-06,2701
sorted_python,6.9141387939453125e-06,2751
sorted_python,7.867813110351562e-06,2801
sorted_python,7.867813110351562e-06,2851
sorted_python,7.867813110351562e-06,2901
sorted_python,6.9141387939453125e-06,2951
sorted_python,6.9141387939453125e-06,3001
sorted_python,6.9141387939453125e-06,3051
sorted_python,7.152557373046875e-06,3101
sorted_python,8.821487426757812e-06,3151
sorted_python,8.821487426757812e-06,3201
sorted_python,2.5033950805664062e-05,3251
sorted_python,1.9788742065429688e-05,3301
sorted_python,1.8835067749023438e-05,3351
sorted_python,1.4781951904296875e-05,3401
sorted_python,1.8835067749023438e-05,3451
sorted_python,1.621246337890625e-05,3501
sorted_python,1.2874603271484375e-05,3551
sorted_python,1.430511474609375e-05,3601
sorted_python,1.7881393432617188e-05,3651
sorted_python,1.4066696166992188e-05,3701
sorted_python,1.0967254638671875e-05,3751
sorted_python,1.0967254638671875e-05,3801
sorted_python,1.0967254638671875e-05,3851
sorted_python,1.0967254638671875e-05,3901
sorted_python,1.0013580322265625e-05,3951
sorted_python,1.2159347534179688e-05,4001
sorted_python,1.0967254638671875e-05,4051
sorted_python,1.2159347534179688e-05,4101
sorted_python,1.1920928955078125e-05,4151
sorted_python,1.2159347534179688e-05,4201
sorted_python,3.314018249511719e-05,4251
sorted_python,2.7894973754882812e-05,4301
sorted_python,1.811981201171875e-05,4351
sorted_python,2.5987625122070312e-05,4401
sorted_python,2.002716064453125e-05,4451
sorted_python,1.811981201171875e-05,4501
sorted_python,2.4080276489257812e-05,4551
sorted_python,1.6927719116210938e-05,4601
sorted_python,2.193450927734375e-05,4651
sorted_python,1.811981201171875e-05,4701
sorted_python,1.5020370483398438e-05,4751
sorted_python,1.2636184692382812e-05,4801
sorted_python,1.3828277587890625e-05,4851
sorted_python,1.4781951904296875e-05,4901
sorted_python,1.2874603271484375e-05,4951
sorted_python,1.3828277587890625e-05,5001
sorted_python,1.3113021850585938e-05,5051
sorted_python,1.430511474609375e-05,5101
sorted_python,1.2874603271484375e-05,5151
sorted_python,1.4781951904296875e-05,5201
sorted_python,1.4066696166992188e-05,5251
sorted_python,3.1948089599609375e-05,5301
sorted_python,3.1948089599609375e-05,5351
sorted_python,2.47955322265625e-05,5401
sorted_python,2.288818359375e-05,5451
sorted_python,2.5033950805664062e-05,5501
sorted_python,1.9073486328125e-05,5551
sorted_python,2.002716064453125e-05,5601
sorted_python,1.811981201171875e-05,5651
sorted_python,1.6689300537109375e-05,5701
sorted_python,1.7881393432617188e-05,5751
sorted_python,1.6927719116210938e-05,5801
sorted_python,1.71661376953125e-05,5851
sorted_python,1.7881393432617188e-05,5901
sorted_python,1.7881393432617188e-05,5951
sorted_python,1.7881393432617188e-05,6001
sorted_python,2.002716064453125e-05,6051
sorted_python,1.811981201171875e-05,6101
sorted_python,2.3126602172851562e-05,6151
sorted_python,2.09808349609375e-05,6201
sorted_python,1.8835067749023438e-05,6251
sorted_python,2.6226043701171875e-05,6301
sorted_python,2.2172927856445312e-05,6351
sorted_python,4.1961669921875e-05,6401
sorted_python,3.1948089599609375e-05,6451
sorted_python,3.695487976074219e-05,6501
sorted_python,3.0994415283203125e-05,6551
sorted_python,2.5987625122070312e-05,6601
sorted_python,2.2172927856445312e-05,6651
sorted_python,3.170967102050781e-05,6701
sorted_python,2.9802322387695312e-05,6751
sorted_python,3.981590270996094e-05,6801
sorted_python,2.9802322387695312e-05,6851
sorted_python,3.62396240234375e-05,6901
sorted_python,4.38690185546875e-05,6951
sorted_python,6.794929504394531e-05,7001
sorted_python,3.218650817871094e-05,7051
sorted_python,3.1948089599609375e-05,7101
sorted_python,2.47955322265625e-05,7151
sorted_python,2.4080276489257812e-05,7201
sorted_python,4.076957702636719e-05,7251
sorted_python,3.62396240234375e-05,7301
sorted_python,3.0040740966796875e-05,7351
sorted_python,2.8848648071289062e-05,7401
sorted_python,2.5033950805664062e-05,7451
sorted_python,3.266334533691406e-05,7501
sorted_python,2.8133392333984375e-05,7551
sorted_python,2.8371810913085938e-05,7601
sorted_python,3.910064697265625e-05,7651
sorted_python,3.266334533691406e-05,7701
sorted_python,2.9802322387695312e-05,7751
sorted_python,3.62396240234375e-05,7801
sorted_python,3.504753112792969e-05,7851
sorted_python,4.601478576660156e-05,7901
sorted_python,3.5762786865234375e-05,7951
sorted_python,3.0994415283203125e-05,8001
sorted_python,7.915496826171875e-05,8051
sorted_python,4.506111145019531e-05,8101
sorted_python,4.1961669921875e-05,8151
sorted_python,3.504753112792969e-05,8201
sorted_python,3.4809112548828125e-05,8251
sorted_python,3.1948089599609375e-05,8301
sorted_python,3.5762786865234375e-05,8351
sorted_python,3.5762786865234375e-05,8401
sorted_python,3.1948089599609375e-05,8451
sorted_python,3.0994415283203125e-05,8501
sorted_python,3.075599670410156e-05,8551
sorted_python,4.00543212890625e-05,8601
sorted_python,5.3882598876953125e-05,8651
sorted_python,5.91278076171875e-05,8701
sorted_python,4.00543212890625e-05,8751
sorted_python,3.5762786865234375e-05,8801
sorted_python,3.0040740966796875e-05,8851
sorted_python,5.3882598876953125e-05,8901
sorted_python,4.8160552978515625e-05,8951
sorted_python,4.220008850097656e-05,9001
sorted_python,4.291534423828125e-05,9051
sorted_python,3.1948089599609375e-05,9101
sorted_python,3.1948089599609375e-05,9151
sorted_python,7.081031799316406e-05,9201
sorted_python,5.5789947509765625e-05,9251
sorted_python,5.507469177246094e-05,9301
sorted_python,4.100799560546875e-05,9351
sorted_python,3.3855438232421875e-05,9401
sorted_python,3.409385681152344e-05,9451
sorted_python,3.2901763916015625e-05,9501
sorted_python,3.314018249511719e-05,9551
sorted_python,6.413459777832031e-05,9601
sorted_python,3.3855438232421875e-05,9651
sorted_python,3.266334533691406e-05,9701
sorted_python,3.409385681152344e-05,9751
sorted_python,7.581710815429688e-05,9801
sorted_python,5.2928924560546875e-05,9851
sorted_python,4.57763671875e-05,9901
sorted_python,4.8160552978515625e-05,9951
sorted_python,4.506111145019531e-05,10001
sorted_python,3.5762786865234375e-05,10051
sorted_python,3.62396240234375e-05,10101
sorted_python,3.4809112548828125e-05,10151
sorted_python,3.695487976074219e-05,10201
sorted_python,3.600120544433594e-05,10251
sorted_python,3.409385681152344e-05,10301
sorted_python,8.082389831542969e-05,10351
sorted_python,5.793571472167969e-05,10401
sorted_python,5.4836273193359375e-05,10451
sorted_python,4.506111145019531e-05,10501
sorted_python,6.389617919921875e-05,10551
sorted_python,3.5762786865234375e-05,10601
sorted_python,5.5789947509765625e-05,10651
sorted_python,3.4809112548828125e-05,10701
sorted_python,3.790855407714844e-05,10751
sorted_python,3.6716461181640625e-05,10801
sorted_python,3.719329833984375e-05,10851
sorted_python,3.695487976074219e-05,10901
sorted_python,3.695487976074219e-05,10951
sorted_python,3.790855407714844e-05,11001
sorted_python,3.790855407714844e-05,11051
sorted_python,3.790855407714844e-05,11101
sorted_python,5.221366882324219e-05,11151
sorted_python,3.886222839355469e-05,11201
sorted_python,3.886222839355469e-05,11251
sorted_python,3.814697265625e-05,11301
sorted_python,4.1961669921875e-05,11351
sorted_python,3.981590270996094e-05,11401
sorted_python,3.981590270996094e-05,11451
sorted_python,4.1961669921875e-05,11501
sorted_python,3.981590270996094e-05,11551
sorted_python,4.076957702636719e-05,11601
sorted_python,4.100799560546875e-05,11651
sorted_python,3.981590270996094e-05,11701
sorted_python,4.076957702636719e-05,11751
sorted_python,4.1961669921875e-05,11801
sorted_python,4.1961669921875e-05,11851
sorted_python,4.1961669921875e-05,11901
sorted_python,4.1961669921875e-05,11951
sorted_python,4.220008850097656e-05,12001
sorted_python,4.1961669921875e-05,12051
sorted_python,4.1961669921875e-05,12101
sorted_python,4.1961669921875e-05,12151
sorted_python,4.410743713378906e-05,12201
sorted_python,4.291534423828125e-05,12251
sorted_python,4.315376281738281e-05,12301
sorted_python,4.291534423828125e-05,12351
sorted_python,4.410743713378906e-05,12401
sorted_python,4.291534423828125e-05,12451
sorted_python,4.410743713378906e-05,12501
sorted_python,7.605552673339844e-05,12551
sorted_python,6.29425048828125e-05,12601
sorted_python,4.982948303222656e-05,12651
sorted_python,4.506111145019531e-05,12701
sorted_python,4.7206878662109375e-05,12751
sorted_python,4.601478576660156e-05,12801
sorted_python,4.601478576660156e-05,12851
sorted_python,5.7697296142578125e-05,12901
sorted_python,4.76837158203125e-05,12951
sorted_python,4.6253204345703125e-05,13001
sorted_python,4.482269287109375e-05,13051
sorted_python,4.887580871582031e-05,13101
sorted_python,4.673004150390625e-05,13151
sorted_python,4.8160552978515625e-05,13201
sorted_python,4.7206878662109375e-05,13251
sorted_python,4.696846008300781e-05,13301
sorted_python,4.696846008300781e-05,13351
sorted_python,4.673004150390625e-05,13401
sorted_python,4.696846008300781e-05,13451
sorted_python,4.792213439941406e-05,13501
sorted_python,4.792213439941406e-05,13551
sorted_python,4.982948303222656e-05,13601
sorted_python,4.982948303222656e-05,13651
sorted_python,4.887580871582031e-05,13701
sorted_python,4.887580871582031e-05,13751
sorted_python,4.9114227294921875e-05,13801
sorted_python,4.982948303222656e-05,13851
sorted_python,4.9114227294921875e-05,13901
sorted_python,5.0067901611328125e-05,13951
sorted_python,5.1021575927734375e-05,14001
sorted_python,5.0067901611328125e-05,14051
sorted_python,5.1021575927734375e-05,14101
sorted_python,6.079673767089844e-05,14151
sorted_python,5.1021575927734375e-05,14201
sorted_python,5.1021575927734375e-05,14251
sorted_python,5.1021575927734375e-05,14301
sorted_python,7.390975952148438e-05,14351
sorted_python,5.817413330078125e-05,14401
sorted_python,6.580352783203125e-05,14451
sorted_python,7.176399230957031e-05,14501
sorted_python,5.984306335449219e-05,14551
sorted_python,7.295608520507812e-05,14601
sorted_python,7.200241088867188e-05,14651
sorted_python,6.723403930664062e-05,14701
sorted_python,6.29425048828125e-05,14751
sorted_python,9.608268737792969e-05,14801
sorted_python,8.487701416015625e-05,14851
sorted_python,6.699562072753906e-05,14901
sorted_python,5.602836608886719e-05,14951
sorted_python,5.507469177246094e-05,15001
sorted_python,5.507469177246094e-05,15051
sorted_python,5.507469177246094e-05,15101
sorted_python,5.793571472167969e-05,15151
sorted_python,5.698204040527344e-05,15201
sorted_python,5.698204040527344e-05,15251
sorted_python,5.7220458984375e-05,15301
sorted_python,5.7220458984375e-05,15351
sorted_python,9.012222290039062e-05,15401
sorted_python,5.793571472167969e-05,15451
sorted_python,5.817413330078125e-05,15501
sorted_python,6.198883056640625e-05,15551
sorted_python,6.699562072753906e-05,15601
sorted_python,6.985664367675781e-05,15651
sorted_python,8.988380432128906e-05,15701
sorted_python,6.580352783203125e-05,15751
sorted_python,6.103515625e-05,15801
sorted_python,7.295608520507812e-05,15851
sorted_python,6.794929504394531e-05,15901
sorted_python,6.413459777832031e-05,15951
sorted_python,6.413459777832031e-05,16001
sorted_python,6.222724914550781e-05,16051
sorted_python,5.984306335449219e-05,16101
sorted_python,0.00013399124145507812,16151
sorted_python,8.487701416015625e-05,16201
sorted_python,7.414817810058594e-05,16251
sorted_python,6.079673767089844e-05,16301
sorted_python,6.198883056640625e-05,16351
sorted_python,6.318092346191406e-05,16401
sorted_python,6.29425048828125e-05,16451
sorted_python,6.318092346191406e-05,16501
sorted_python,6.222724914550781e-05,16551
sorted_python,6.079673767089844e-05,16601
sorted_python,6.318092346191406e-05,16651
sorted_python,6.29425048828125e-05,16701
sorted_python,6.29425048828125e-05,16751
sorted_python,6.413459777832031e-05,16801
sorted_python,6.413459777832031e-05,16851
sorted_python,6.389617919921875e-05,16901
sorted_python,6.389617919921875e-05,16951
sorted_python,6.699562072753906e-05,17001
sorted_python,6.699562072753906e-05,17051
sorted_python,7.200241088867188e-05,17101
sorted_python,6.699562072753906e-05,17151
sorted_python,6.604194641113281e-05,17201
sorted_python,0.000102996826171875,17251
sorted_python,8.20159912109375e-05,17301
sorted_python,6.699562072753906e-05,17351
sorted_python,6.794929504394531e-05,17401
sorted_python,6.723403930664062e-05,17451
sorted_python,6.699562072753906e-05,17501
sorted_python,6.890296936035156e-05,17551
sorted_python,6.794929504394531e-05,17601
sorted_python,6.794929504394531e-05,17651
sorted_python,6.794929504394531e-05,17701
sorted_python,6.818771362304688e-05,17751
sorted_python,6.723403930664062e-05,17801
sorted_python,6.818771362304688e-05,17851
sorted_python,6.818771362304688e-05,17901
sorted_python,6.818771362304688e-05,17951
sorted_python,6.914138793945312e-05,18001
sorted_python,6.985664367675781e-05,18051
sorted_python,6.890296936035156e-05,18101
sorted_python,0.00011801719665527344,18151
sorted_python,8.702278137207031e-05,18201
sorted_python,7.295608520507812e-05,18251
sorted_python,7.081031799316406e-05,18301
sorted_python,7.009506225585938e-05,18351
sorted_python,7.295608520507812e-05,18401
sorted_python,7.200241088867188e-05,18451
sorted_python,7.128715515136719e-05,18501
sorted_python,7.200241088867188e-05,18551
sorted_python,7.200241088867188e-05,18601
sorted_python,7.200241088867188e-05,18651
sorted_python,7.081031799316406e-05,18701
sorted_python,7.104873657226562e-05,18751
sorted_python,7.295608520507812e-05,18801
sorted_python,7.295608520507812e-05,18851
sorted_python,7.176399230957031e-05,18901
sorted_python,7.295608520507812e-05,18951
sorted_python,7.295608520507812e-05,19001
sorted_python,8.797645568847656e-05,19051
sorted_python,7.414817810058594e-05,19101
sorted_python,7.510185241699219e-05,19151
sorted_python,7.605552673339844e-05,19201
sorted_python,8.392333984375e-05,19251
sorted_python,7.605552673339844e-05,19301
sorted_python,7.605552673339844e-05,19351
sorted_python,0.00010704994201660156,19401
sorted_python,0.00032806396484375,19451
sorted_python,0.00011301040649414062,19501
sorted_python,8.392333984375e-05,19551
sorted_python,7.867813110351562e-05,19601
sorted_python,7.724761962890625e-05,19651
sorted_python,7.772445678710938e-05,19701
sorted_python,7.796287536621094e-05,19751
sorted_python,7.796287536621094e-05,19801
sorted_python,7.796287536621094e-05,19851
sorted_python,7.796287536621094e-05,19901
sorted_python,7.915496826171875e-05,19951
sorted_python,7.987022399902344e-05,20001
sorted_python,7.915496826171875e-05,20051
sorted_python,7.987022399902344e-05,20101
sorted_python,7.891654968261719e-05,20151
sorted_python,7.915496826171875e-05,20201
sorted_python,9.012222290039062e-05,20251
sorted_python,8.487701416015625e-05,20301
sorted_python,0.0001308917999267578,20351
sorted_python,9.012222290039062e-05,20401
sorted_python,8.20159912109375e-05,20451
sorted_python,0.00013685226440429688,20501
sorted_python,0.00010180473327636719,20551
sorted_python,8.416175842285156e-05,20601
sorted_python,8.296966552734375e-05,20651
sorted_python,8.20159912109375e-05,20701
sorted_python,8.392333984375e-05,20751
sorted_python,8.296966552734375e-05,20801
sorted_python,0.00010967254638671875,20851
sorted_python,0.0001850128173828125,20901
sorted_python,0.00012993812561035156,20951
sorted_python,0.00010609626770019531,21001
sorted_python,0.00013113021850585938,21051
sorted_python,9.131431579589844e-05,21101
sorted_python,0.000102996826171875,21151
sorted_python,0.00012803077697753906,21201
sorted_python,0.00010204315185546875,21251
sorted_python,9.799003601074219e-05,21301
sorted_python,8.869171142578125e-05,21351
sorted_python,8.821487426757812e-05,21401
sorted_python,8.606910705566406e-05,21451
sorted_python,8.606910705566406e-05,21501
sorted_python,8.726119995117188e-05,21551
sorted_python,8.702278137207031e-05,21601
sorted_python,8.821487426757812e-05,21651
sorted_python,8.821487426757812e-05,21701
sorted_python,0.00014495849609375,21751
sorted_python,9.894371032714844e-05,21801
sorted_python,0.00010991096496582031,21851
sorted_python,8.726119995117188e-05,21901
sorted_python,8.797645568847656e-05,21951
sorted_python,8.869171142578125e-05,22001
sorted_python,8.7738037109375e-05,22051
sorted_python,8.797645568847656e-05,22101
sorted_python,8.893013000488281e-05,22151
sorted_python,0.00011420249938964844,22201
sorted_python,9.012222290039062e-05,22251
sorted_python,8.893013000488281e-05,22301
sorted_python,9.107589721679688e-05,22351
sorted_python,9.822845458984375e-05,22401
sorted_python,9.298324584960938e-05,22451
sorted_python,0.00019598007202148438,22501
sorted_python,0.00011301040649414062,22551
sorted_python,9.298324584960938e-05,22601
sorted_python,9.298324584960938e-05,22651
sorted_python,9.202957153320312e-05,22701
sorted_python,0.00011372566223144531,22751
sorted_python,9.298324584960938e-05,22801
sorted_python,9.274482727050781e-05,22851
sorted_python,9.179115295410156e-05,22901
sorted_python,9.322166442871094e-05,22951
sorted_python,9.322166442871094e-05,23001
sorted_python,9.322166442871094e-05,23051
sorted_python,9.322166442871094e-05,23101
sorted_python,9.489059448242188e-05,23151
sorted_python,9.512901306152344e-05,23201
sorted_python,9.393692016601562e-05,23251
sorted_python,9.489059448242188e-05,23301
sorted_python,9.489059448242188e-05,23351
sorted_python,9.489059448242188e-05,23401
sorted_python,9.489059448242188e-05,23451
sorted_python,9.512901306152344e-05,23501
sorted_python,9.489059448242188e-05,23551
sorted_python,9.608268737792969e-05,23601
sorted_python,9.703636169433594e-05,23651
sorted_python,9.703636169433594e-05,23701
sorted_python,9.703636169433594e-05,23751
sorted_python,9.799003601074219e-05,23801
sorted_python,0.0002167224884033203,23851
sorted_python,0.00012087821960449219,23901
sorted_python,0.00021409988403320312,23951
sorted_python,0.00012302398681640625,24001
sorted_python,9.870529174804688e-05,24051
sorted_python,9.799003601074219e-05,24101
sorted_python,9.894371032714844e-05,24151
sorted_python,0.00010776519775390625,24201
sorted_python,9.918212890625e-05,24251
sorted_python,9.918212890625e-05,24301
sorted_python,9.918212890625e-05,24351
sorted_python,0.00010085105895996094,24401
sorted_python,0.00010085105895996094,24451
sorted_python,0.0001690387725830078,24501
sorted_python,0.00011420249938964844,24551
sorted_python,0.00010180473327636719,24601
sorted_python,0.00014901161193847656,24651
sorted_python,0.00011014938354492188,24701
sorted_python,0.00011301040649414062,24751
sorted_python,0.00014591217041015625,24801
sorted_python,0.000102996826171875,24851
sorted_python,0.0001399517059326172,24901
sorted_python,0.00011014938354492188,24951
sorted_python,0.00013518333435058594,25001
sorted_python,0.00011181831359863281,25051
sorted_python,0.0001049041748046875,25101
sorted_python,0.00011706352233886719,25151
sorted_python,0.00012993812561035156,25201
sorted_python,0.00011706352233886719,25251
sorted_python,0.00011014938354492188,25301
sorted_python,0.0002319812774658203,25351
sorted_python,0.00012993812561035156,25401
sorted_python,0.00011801719665527344,25451
sorted_python,0.00011539459228515625,25501
sorted_python,0.00011181831359863281,25551
sorted_python,0.00011205673217773438,25601
sorted_python,0.00010895729064941406,25651
sorted_python,0.00011491775512695312,25701
sorted_python,0.00011420249938964844,25751
sorted_python,0.0001361370086669922,25801
sorted_python,0.00011014938354492188,25851
sorted_python,0.00010800361633300781,25901
sorted_python,0.00013709068298339844,25951
sorted_python,0.00011587142944335938,26001
sorted_python,0.00011515617370605469,26051
sorted_python,0.00011420249938964844,26101
sorted_python,0.00010991096496582031,26151
sorted_python,0.00011110305786132812,26201
sorted_python,0.00018310546875,26251
sorted_python,0.0001239776611328125,26301
sorted_python,0.00012803077697753906,26351
sorted_python,0.00011897087097167969,26401
sorted_python,0.00011706352233886719,26451
sorted_python,0.00011610984802246094,26501
sorted_python,0.00011181831359863281,26551
sorted_python,0.000164031982421875,26601
sorted_python,0.00012111663818359375,26651
sorted_python,0.00011682510375976562,26701
sorted_python,0.00011324882507324219,26751
sorted_python,0.00019288063049316406,26801
sorted_python,0.00013017654418945312,26851
sorted_python,0.00013017654418945312,26901
sorted_python,0.00012087821960449219,26951
sorted_python,0.00011801719665527344,27001
sorted_python,0.000125885009765625,27051
sorted_python,0.00011992454528808594,27101
sorted_python,0.00011920928955078125,27151
sorted_python,0.0001652240753173828,27201
sorted_python,0.00011706352233886719,27251
sorted_python,0.00011587142944335938,27301
sorted_python,0.00011968612670898438,27351
sorted_python,0.00011682510375976562,27401
sorted_python,0.0001239776611328125,27451
sorted_python,0.00015211105346679688,27501
sorted_python,0.00017499923706054688,27551
sorted_python,0.00013589859008789062,27601
sorted_python,0.00015211105346679688,27651
sorted_python,0.0001289844512939453,27701
sorted_python,0.00012683868408203125,27751
sorted_python,0.0001270771026611328,27801
sorted_python,0.00014281272888183594,27851
sorted_python,0.00012803077697753906,27901
sorted_python,0.00012421607971191406,27951
sorted_python,0.00017833709716796875,28001
sorted_python,0.00012803077697753906,28051
sorted_python,0.0001232624053955078,28101
sorted_python,0.00012493133544921875,28151
sorted_python,0.00012111663818359375,28201
sorted_python,0.00012087821960449219,28251
sorted_python,0.00012803077697753906,28301
sorted_python,0.0001251697540283203,28351
sorted_python,0.00012493133544921875,28401
sorted_python,0.00012493133544921875,28451
sorted_python,0.0001232624053955078,28501
sorted_python,0.0001342296600341797,28551
sorted_python,0.00012993812561035156,28601
sorted_python,0.000125885009765625,28651
sorted_python,0.0001270771026611328,28701
sorted_python,0.0001308917999267578,28751
sorted_python,0.00012803077697753906,28801
sorted_python,0.00013113021850585938,28851
sorted_python,0.0002110004425048828,28901
sorted_python,0.000125885009765625,28951
sorted_python,0.0001678466796875,29001
sorted_python,0.0001659393310546875,29051
sorted_python,0.00017786026000976562,29101
sorted_python,0.00015282630920410156,29151
sorted_python,0.0001468658447265625,29201
sorted_python,0.00015807151794433594,29251
sorted_python,0.00013589859008789062,29301
sorted_python,0.00013494491577148438,29351
sorted_python,0.0002701282501220703,29401
sorted_python,0.00018405914306640625,29451
sorted_python,0.00013685226440429688,29501
sorted_python,0.00013184547424316406,29551
sorted_python,0.00021123886108398438,29601
sorted_python,0.0001430511474609375,29651
sorted_python,0.0001392364501953125,29701
sorted_python,0.00013709068298339844,29751
sorted_python,0.00013494491577148438,29801
sorted_python,0.0002129077911376953,29851
sorted_python,0.0001442432403564453,29901
sorted_python,0.00013899803161621094,29951
sorted_python,0.00013899803161621094,30001
sorted_python,0.00013399124145507812,30051
sorted_python,0.0002779960632324219,30101
sorted_python,0.0001499652862548828,30151
sorted_python,0.0001437664031982422,30201
sorted_python,0.0001671314239501953,30251
sorted_python,0.00013303756713867188,30301
sorted_python,0.0001399517059326172,30351
sorted_python,0.00013899803161621094,30401
sorted_python,0.0001399517059326172,30451
sorted_python,0.0001361370086669922,30501
sorted_python,0.0001430511474609375,30551
sorted_python,0.0001728534698486328,30601
sorted_python,0.0001430511474609375,30651
sorted_python,0.0001399517059326172,30701
sorted_python,0.00014400482177734375,30751
sorted_python,0.00019502639770507812,30801
sorted_python,0.00017189979553222656,30851
sorted_python,0.0001380443572998047,30901
sorted_python,0.00014734268188476562,30951
sorted_python,0.00022983551025390625,31001
sorted_python,0.00016617774963378906,31051
sorted_python,0.0001430511474609375,31101
sorted_python,0.00018525123596191406,31151
sorted_python,0.0001430511474609375,31201
sorted_python,0.00013899803161621094,31251
sorted_python,0.00014495849609375,31301
sorted_python,0.00015306472778320312,31351
sorted_python,0.0002002716064453125,31401
sorted_python,0.0001499652862548828,31451
sorted_python,0.00014495849609375,31501
sorted_python,0.0001556873321533203,31551
sorted_python,0.00014472007751464844,31601
sorted_python,0.00014495849609375,31651
sorted_python,0.00014400482177734375,31701
sorted_python,0.00014209747314453125,31751
sorted_python,0.0001418590545654297,31801
sorted_python,0.00015401840209960938,31851
sorted_python,0.00015115737915039062,31901
sorted_python,0.0001499652862548828,31951
sorted_python,0.0001800060272216797,32001
sorted_python,0.0001780986785888672,32051
sorted_python,0.00019097328186035156,32101
sorted_python,0.00015807151794433594,32151
sorted_python,0.00015473365783691406,32201
sorted_python,0.00015306472778320312,32251
sorted_python,0.000148773193359375,32301
sorted_python,0.0001480579376220703,32351
sorted_python,0.00015401840209960938,32401
sorted_python,0.00015115737915039062,32451
sorted_python,0.00015282630920410156,32501
sorted_python,0.0001506805419921875,32551
sorted_python,0.00015473365783691406,32601
sorted_python,0.00015401840209960938,32651
sorted_python,0.0001499652862548828,32701
sorted_python,0.0001499652862548828,32751
sorted_python,0.00015616416931152344,32801
sorted_python,0.0001888275146484375,32851
sorted_python,0.0001857280731201172,32901
sorted_python,0.00015807151794433594,32951
sorted_python,0.00015807151794433594,33001
sorted_python,0.00015807151794433594,33051
sorted_python,0.0002028942108154297,33101
sorted_python,0.00015401840209960938,33151
sorted_python,0.0003139972686767578,33201
sorted_python,0.0001800060272216797,33251
sorted_python,0.00017309188842773438,33301
sorted_python,0.00017213821411132812,33351
sorted_python,0.00015473365783691406,33401
sorted_python,0.00016379356384277344,33451
sorted_python,0.00015807151794433594,33501
sorted_python,0.00015616416931152344,33551
sorted_python,0.00015592575073242188,33601
sorted_python,0.00015592575073242188,33651
sorted_python,0.0001609325408935547,33701
sorted_python,0.0001590251922607422,33751
sorted_python,0.0001881122589111328,33801
sorted_python,0.00015926361083984375,33851
sorted_python,0.0001590251922607422,33901
sorted_python,0.00023293495178222656,33951
sorted_python,0.00017213821411132812,34001
sorted_python,0.0001647472381591797,34051
sorted_python,0.00016307830810546875,34101
sorted_python,0.00015783309936523438,34151
sorted_python,0.0001590251922607422,34201
sorted_python,0.00016379356384277344,34251
sorted_python,0.00017905235290527344,34301
sorted_python,0.00019598007202148438,34351
sorted_python,0.0001621246337890625,34401
sorted_python,0.00016617774963378906,34451
sorted_python,0.00016117095947265625,34501
sorted_python,0.00016117095947265625,34551
sorted_python,0.00016188621520996094,34601
sorted_python,0.0001621246337890625,34651
sorted_python,0.0001621246337890625,34701
sorted_python,0.0001621246337890625,34751
sorted_python,0.0001621246337890625,34801
sorted_python,0.00016307830810546875,34851
sorted_python,0.00016379356384277344,34901
sorted_python,0.0002148151397705078,34951
sorted_python,0.00023889541625976562,35001
sorted_python,0.00017404556274414062,35051
sorted_python,0.00023818016052246094,35101
sorted_python,0.00016689300537109375,35151
sorted_python,0.00016617774963378906,35201
sorted_python,0.00016617774963378906,35251
sorted_python,0.00016617774963378906,35301
sorted_python,0.00016689300537109375,35351
sorted_python,0.0001671314239501953,35401
sorted_python,0.00016498565673828125,35451
sorted_python,0.00016617774963378906,35501
sorted_python,0.0001659393310546875,35551
sorted_python,0.0001671314239501953,35601
sorted_python,0.00016689300537109375,35651
sorted_python,0.00016689300537109375,35701
sorted_python,0.00016808509826660156,35751
sorted_python,0.0001690387725830078,35801
sorted_python,0.00016808509826660156,35851
sorted_python,0.00023293495178222656,35901
sorted_python,0.00016999244689941406,35951
sorted_python,0.00016999244689941406,36001
sorted_python,0.00016927719116210938,36051
sorted_python,0.00018024444580078125,36101
sorted_python,0.00016880035400390625,36151
sorted_python,0.00016880035400390625,36201
sorted_python,0.00016999244689941406,36251
sorted_python,0.0001709461212158203,36301
sorted_python,0.0001690387725830078,36351
sorted_python,0.0001690387725830078,36401
sorted_python,0.00016999244689941406,36451
sorted_python,0.00016999244689941406,36501
sorted_python,0.0001709461212158203,36551
sorted_python,0.00016999244689941406,36601
sorted_python,0.0001709461212158203,36651
sorted_python,0.0002288818359375,36701
sorted_python,0.0001952648162841797,36751
sorted_python,0.00023031234741210938,36801
sorted_python,0.00028324127197265625,36851
sorted_python,0.00019311904907226562,36901
sorted_python,0.0001761913299560547,36951
sorted_python,0.0001747608184814453,37001
sorted_python,0.00017523765563964844,37051
sorted_python,0.00018596649169921875,37101
sorted_python,0.00017714500427246094,37151
sorted_python,0.00017523765563964844,37201
sorted_python,0.00017595291137695312,37251
sorted_python,0.00017786026000976562,37301
sorted_python,0.00017571449279785156,37351
sorted_python,0.00017714500427246094,37401
sorted_python,0.00017714500427246094,37451
sorted_python,0.00017714500427246094,37501
sorted_python,0.00017690658569335938,37551
sorted_python,0.00017881393432617188,37601
sorted_python,0.00017881393432617188,37651
sorted_python,0.0003018379211425781,37701
sorted_python,0.0001900196075439453,37751
sorted_python,0.0002827644348144531,37801
sorted_python,0.00018095970153808594,37851
sorted_python,0.00017881393432617188,37901
sorted_python,0.0001819133758544922,37951
sorted_python,0.00018024444580078125,38001
sorted_python,0.0001800060272216797,38051
sorted_python,0.0001800060272216797,38101
sorted_python,0.00018095970153808594,38151
sorted_python,0.00018310546875,38201
sorted_python,0.0001800060272216797,38251
sorted_python,0.00018095970153808594,38301
sorted_python,0.0002048015594482422,38351
sorted_python,0.00018286705017089844,38401
sorted_python,0.00018215179443359375,38451
sorted_python,0.00018310546875,38501
sorted_python,0.00018310546875,38551
sorted_python,0.00018310546875,38601
sorted_python,0.00018310546875,38651
sorted_python,0.00018310546875,38701
sorted_python,0.00020575523376464844,38751
sorted_python,0.00018405914306640625,38801
sorted_python,0.00018405914306640625,38851
sorted_python,0.00018310546875,38901
sorted_python,0.0001850128173828125,38951
sorted_python,0.0001850128173828125,39001
sorted_python,0.0001838207244873047,39051
sorted_python,0.00018525123596191406,39101
sorted_python,0.0001857280731201172,39151
sorted_python,0.0001881122589111328,39201
sorted_python,0.00018668174743652344,39251
sorted_python,0.000186920166015625,39301
sorted_python,0.000186920166015625,39351
sorted_python,0.0002090930938720703,39401
sorted_python,0.0002129077911376953,39451
sorted_python,0.00022125244140625,39501
sorted_python,0.00019407272338867188,39551
sorted_python,0.0001900196075439453,39601
sorted_python,0.00023293495178222656,39651
sorted_python,0.0001900196075439453,39701
sorted_python,0.00019097328186035156,39751
sorted_python,0.00019097328186035156,39801
sorted_python,0.00018978118896484375,39851
sorted_python,0.00019097328186035156,39901
sorted_python,0.00019097328186035156,39951
sorted_python,0.00019097328186035156,40001
sorted_python,0.00019097328186035156,40051
sorted_python,0.00019216537475585938,40101
sorted_python,0.0001919269561767578,40151
sorted_python,0.00023412704467773438,40201
sorted_python,0.0001919269561767578,40251
sorted_python,0.00021600723266601562,40301
sorted_python,0.0003199577331542969,40351
sorted_python,0.0002410411834716797,40401
sorted_python,0.00026488304138183594,40451
sorted_python,0.00019979476928710938,40501
sorted_python,0.0001957416534423828,40551
sorted_python,0.0001952648162841797,40601
sorted_python,0.00019478797912597656,40651
sorted_python,0.0001938343048095703,40701
sorted_python,0.0001971721649169922,40751
sorted_python,0.00019884109497070312,40801
sorted_python,0.0001990795135498047,40851
sorted_python,0.00019621849060058594,40901
sorted_python,0.00019693374633789062,40951
sorted_python,0.0004050731658935547,41001
sorted_python,0.0002009868621826172,41051
sorted_python,0.00019884109497070312,41101
sorted_python,0.00019979476928710938,41151
sorted_python,0.00020003318786621094,41201
sorted_python,0.00020003318786621094,41251
sorted_python,0.00019884109497070312,41301
sorted_python,0.00020003318786621094,41351
sorted_python,0.00019931793212890625,41401
sorted_python,0.0002219676971435547,41451
sorted_python,0.00020194053649902344,41501
sorted_python,0.0002009868621826172,41551
sorted_python,0.00020194053649902344,41601
sorted_python,0.0002009868621826172,41651
sorted_python,0.00020194053649902344,41701
sorted_python,0.00020194053649902344,41751
sorted_python,0.00020194053649902344,41801
sorted_python,0.000202178955078125,41851
sorted_python,0.0002181529998779297,41901
sorted_python,0.00028705596923828125,41951
sorted_python,0.0002071857452392578,42001
sorted_python,0.00020313262939453125,42051
sorted_python,0.0002028942108154297,42101
sorted_python,0.00020313262939453125,42151
sorted_python,0.00020313262939453125,42201
sorted_python,0.0002040863037109375,42251
sorted_python,0.00020313262939453125,42301
sorted_python,0.0002028942108154297,42351
sorted_python,0.00020503997802734375,42401
sorted_python,0.00020503997802734375,42451
sorted_python,0.0002048015594482422,42501
sorted_python,0.00020503997802734375,42551
sorted_python,0.00020575523376464844,42601
sorted_python,0.00020599365234375,42651
sorted_python,0.0002110004425048828,42701
sorted_python,0.00025391578674316406,42751
sorted_python,0.0003590583801269531,42801
sorted_python,0.00021386146545410156,42851
sorted_python,0.0002880096435546875,42901
sorted_python,0.0002090930938720703,42951
sorted_python,0.0002079010009765625,43001
sorted_python,0.000209808349609375,43051
sorted_python,0.00020933151245117188,43101
sorted_python,0.00021004676818847656,43151
sorted_python,0.0002110004425048828,43201
sorted_python,0.00021195411682128906,43251
sorted_python,0.00021195411682128906,43301
sorted_python,0.00025391578674316406,43351
sorted_python,0.00021219253540039062,43401
sorted_python,0.0002129077911376953,43451
sorted_python,0.00021409988403320312,43501
sorted_python,0.0002129077911376953,43551
sorted_python,0.00021314620971679688,43601
sorted_python,0.00028634071350097656,43651
sorted_python,0.0002491474151611328,43701
sorted_python,0.00024700164794921875,43751
sorted_python,0.0002498626708984375,43801
sorted_python,0.00024890899658203125,43851
sorted_python,0.0003180503845214844,43901
sorted_python,0.0002200603485107422,43951
sorted_python,0.0002167224884033203,44001
sorted_python,0.00021600723266601562,44051
sorted_python,0.0002989768981933594,44101
sorted_python,0.0002319812774658203,44151
sorted_python,0.0003230571746826172,44201
sorted_python,0.0002570152282714844,44251
sorted_python,0.00021791458129882812,44301
sorted_python,0.0002181529998779297,44351
sorted_python,0.00023484230041503906,44401
sorted_python,0.00021791458129882812,44451
sorted_python,0.0002167224884033203,44501
sorted_python,0.00021791458129882812,44551
sorted_python,0.00021719932556152344,44601
sorted_python,0.00021982192993164062,44651
sorted_python,0.00021910667419433594,44701
sorted_python,0.00032067298889160156,44751
sorted_python,0.00024199485778808594,44801
sorted_python,0.00022482872009277344,44851
sorted_python,0.0002219676971435547,44901
sorted_python,0.00022602081298828125,44951
sorted_python,0.0002989768981933594,45001
sorted_python,0.0002570152282714844,45051
sorted_python,0.00027108192443847656,45101
sorted_python,0.0002589225769042969,45151
sorted_python,0.0002751350402832031,45201
sorted_python,0.00023293495178222656,45251
sorted_python,0.0002219676971435547,45301
sorted_python,0.00023126602172851562,45351
sorted_python,0.0002238750457763672,45401
sorted_python,0.0002238750457763672,45451
sorted_python,0.00022411346435546875,45501
sorted_python,0.00022602081298828125,45551
sorted_python,0.0002257823944091797,45601
sorted_python,0.0002269744873046875,45651
sorted_python,0.0002269744873046875,45701
sorted_python,0.0002269744873046875,45751
sorted_python,0.00022673606872558594,45801
sorted_python,0.0002262592315673828,45851
sorted_python,0.0002281665802001953,45901
sorted_python,0.00022673606872558594,45951
sorted_python,0.0002269744873046875,46001
sorted_python,0.0002269744873046875,46051
sorted_python,0.00022721290588378906,46101
sorted_python,0.00022673606872558594,46151
sorted_python,0.0002269744873046875,46201
sorted_python,0.00022912025451660156,46251
sorted_python,0.00022721290588378906,46301
sorted_python,0.0002288818359375,46351
sorted_python,0.00023102760314941406,46401
sorted_python,0.0002579689025878906,46451
sorted_python,0.00023698806762695312,46501
sorted_python,0.00023293495178222656,46551
sorted_python,0.00023293495178222656,46601
sorted_python,0.0002319812774658203,46651
sorted_python,0.0002319812774658203,46701
sorted_python,0.00023293495178222656,46751
sorted_python,0.00023293495178222656,46801
sorted_python,0.0002319812774658203,46851
sorted_python,0.0002319812774658203,46901
sorted_python,0.0002319812774658203,46951
sorted_python,0.00023293495178222656,47001
sorted_python,0.0002334117889404297,47051
sorted_python,0.0002319812774658203,47101
sorted_python,0.00023412704467773438,47151
sorted_python,0.0002732276916503906,47201
sorted_python,0.0003712177276611328,47251
sorted_python,0.00023984909057617188,47301
sorted_python,0.00023794174194335938,47351
sorted_python,0.00023794174194335938,47401
sorted_python,0.00023794174194335938,47451
sorted_python,0.0002601146697998047,47501
sorted_python,0.0002372264862060547,47551
sorted_python,0.00023818016052246094,47601
sorted_python,0.00028514862060546875,47651
sorted_python,0.00023818016052246094,47701
sorted_python,0.0002391338348388672,47751
sorted_python,0.00023794174194335938,47801
sorted_python,0.00023984909057617188,47851
sorted_python,0.00023865699768066406,47901
sorted_python,0.00023984909057617188,47951
sorted_python,0.00026917457580566406,48001
sorted_python,0.00024199485778808594,48051
sorted_python,0.000286102294921875,48101
sorted_python,0.00024175643920898438,48151
sorted_python,0.0002422332763671875,48201
sorted_python,0.0002410411834716797,48251
sorted_python,0.00024175643920898438,48301
sorted_python,0.00024199485778808594,48351
sorted_python,0.0002429485321044922,48401
sorted_python,0.00024390220642089844,48451
sorted_python,0.00024390220642089844,48501
sorted_python,0.00024199485778808594,48551
sorted_python,0.0002639293670654297,48601
sorted_python,0.0003268718719482422,48651
sorted_python,0.0002586841583251953,48701
sorted_python,0.0002460479736328125,48751
sorted_python,0.00024700164794921875,48801
sorted_python,0.00024700164794921875,48851
sorted_python,0.00024700164794921875,48901
sorted_python,0.0002467632293701172,48951
sorted_python,0.00024700164794921875,49001
sorted_python,0.0002467632293701172,49051
sorted_python,0.0002467632293701172,49101
sorted_python,0.000247955322265625,49151
sorted_python,0.0002460479736328125,49201
sorted_python,0.000247955322265625,49251
sorted_python,0.00041294097900390625,49301
sorted_python,0.0002849102020263672,49351
sorted_python,0.00028014183044433594,49401
sorted_python,0.00025177001953125,49451
sorted_python,0.0002510547637939453,49501
sorted_python,0.0002491474151611328,49551
sorted_python,0.0002522468566894531,49601
sorted_python,0.00025177001953125,49651
sorted_python,0.0002522468566894531,49701
sorted_python,0.0002529621124267578,49751
sorted_python,0.0002532005310058594,49801
sorted_python,0.0002532005310058594,49851
sorted_python,0.00025391578674316406,49901
sorted_python,0.0002551078796386719,49951
sorted_python,0.00027680397033691406,50001
sorted_python,0.0002560615539550781,50051
sorted_python,0.0002543926239013672,50101
sorted_python,0.00025391578674316406,50151
sorted_python,0.00031495094299316406,50201
sorted_python,0.0002570152282714844,50251
sorted_python,0.00031495094299316406,50301
sorted_python,0.0002789497375488281,50351
sorted_python,0.0002567768096923828,50401
sorted_python,0.0002570152282714844,50451
sorted_python,0.00025582313537597656,50501
sorted_python,0.00025773048400878906,50551
sorted_python,0.0002739429473876953,50601
sorted_python,0.00033926963806152344,50651
sorted_python,0.0002942085266113281,50701
sorted_python,0.00026106834411621094,50751
sorted_python,0.00026106834411621094,50801
sorted_python,0.000263214111328125,50851
sorted_python,0.0002601146697998047,50901
sorted_python,0.00035572052001953125,50951
sorted_python,0.0002601146697998047,51001
sorted_python,0.0002586841583251953,51051
sorted_python,0.00025916099548339844,51101
sorted_python,0.0002951622009277344,51151
sorted_python,0.0002639293670654297,51201
sorted_python,0.00026488304138183594,51251
sorted_python,0.0003960132598876953,51301
sorted_python,0.0002770423889160156,51351
sorted_python,0.0002651214599609375,51401
sorted_python,0.0002639293670654297,51451
sorted_python,0.000263214111328125,51501
sorted_python,0.0002651214599609375,51551
sorted_python,0.0002651214599609375,51601
sorted_python,0.00026488304138183594,51651
sorted_python,0.0002639293670654297,51701
sorted_python,0.00026488304138183594,51751
sorted_python,0.00026488304138183594,51801
sorted_python,0.00026488304138183594,51851
sorted_python,0.000270843505859375,51901
sorted_python,0.00026917457580566406,51951
sorted_python,0.0002701282501220703,52001
sorted_python,0.00026702880859375,52051
sorted_python,0.00026702880859375,52101
sorted_python,0.0002677440643310547,52151
sorted_python,0.0003039836883544922,52201
sorted_python,0.000270843505859375,52251
sorted_python,0.0002701282501220703,52301
sorted_python,0.000270843505859375,52351
sorted_python,0.0002696514129638672,52401
sorted_python,0.0002720355987548828,52451
sorted_python,0.00027298927307128906,52501
sorted_python,0.0003459453582763672,52551
sorted_python,0.0002827644348144531,52601
sorted_python,0.0003039836883544922,52651
sorted_python,0.00028896331787109375,52701
sorted_python,0.000270843505859375,52751
sorted_python,0.0002751350402832031,52801
sorted_python,0.0002777576446533203,52851
sorted_python,0.0002741813659667969,52901
sorted_python,0.00027370452880859375,52951
sorted_python,0.0002739429473876953,53001
sorted_python,0.0003180503845214844,53051
sorted_python,0.0002739429473876953,53101
sorted_python,0.0002808570861816406,53151
sorted_python,0.00030994415283203125,53201
sorted_python,0.00030684471130371094,53251
sorted_python,0.0005669593811035156,53301
sorted_python,0.0002770423889160156,53351
sorted_python,0.0002999305725097656,53401
sorted_python,0.00027489662170410156,53451
sorted_python,0.0002751350402832031,53501
sorted_python,0.00027489662170410156,53551
sorted_python,0.0002868175506591797,53601
sorted_python,0.00027680397033691406,53651
sorted_python,0.00027680397033691406,53701
sorted_python,0.0002810955047607422,53751
sorted_python,0.0003237724304199219,53801
sorted_python,0.0002789497375488281,53851
sorted_python,0.00027680397033691406,53901
sorted_python,0.0002789497375488281,53951
sorted_python,0.0003120899200439453,54001
sorted_python,0.0002789497375488281,54051
sorted_python,0.0002796649932861328,54101
sorted_python,0.0002799034118652344,54151
sorted_python,0.0002770423889160156,54201
sorted_python,0.0002789497375488281,54251
sorted_python,0.0002779960632324219,54301
sorted_python,0.0002799034118652344,54351
sorted_python,0.00028586387634277344,54401
sorted_python,0.00035190582275390625,54451
sorted_python,0.0003070831298828125,54501
sorted_python,0.0002911090850830078,54551
sorted_python,0.00036215782165527344,54601
sorted_python,0.0002872943878173828,54651
sorted_python,0.0002849102020263672,54701
sorted_python,0.0002849102020263672,54751
sorted_python,0.00028395652770996094,54801
sorted_python,0.0002827644348144531,54851
sorted_python,0.0002849102020263672,54901
sorted_python,0.0002849102020263672,54951
sorted_python,0.0002963542938232422,55001
sorted_python,0.0003120899200439453,55051
sorted_python,0.00040912628173828125,55101
sorted_python,0.000331878662109375,55151
sorted_python,0.00029087066650390625,55201
sorted_python,0.0006108283996582031,55251
sorted_python,0.0003409385681152344,55301
sorted_python,0.0002911090850830078,55351
sorted_python,0.0002911090850830078,55401
sorted_python,0.0002918243408203125,55451
sorted_python,0.00029015541076660156,55501
sorted_python,0.0002899169921875,55551
sorted_python,0.00029015541076660156,55601
sorted_python,0.00029206275939941406,55651
sorted_python,0.00029277801513671875,55701
sorted_python,0.00028777122497558594,55751
sorted_python,0.0002880096435546875,55801
sorted_python,0.0002880096435546875,55851
sorted_python,0.00028705596923828125,55901
sorted_python,0.00029015541076660156,55951
sorted_python,0.00029206275939941406,56001
sorted_python,0.0002930164337158203,56051
sorted_python,0.0002930164337158203,56101
sorted_python,0.0002980232238769531,56151
sorted_python,0.00029397010803222656,56201
sorted_python,0.00030612945556640625,56251
sorted_python,0.00037097930908203125,56301
sorted_python,0.0003440380096435547,56351
sorted_python,0.0002961158752441406,56401
sorted_python,0.0002949237823486328,56451
sorted_python,0.00029587745666503906,56501
sorted_python,0.0002942085266113281,56551
sorted_python,0.0002949237823486328,56601
sorted_python,0.0003383159637451172,56651
sorted_python,0.0002949237823486328,56701
sorted_python,0.00029587745666503906,56751
sorted_python,0.000392913818359375,56801
sorted_python,0.0006058216094970703,56851
sorted_python,0.00042700767517089844,56901
sorted_python,0.00031495094299316406,56951
sorted_python,0.0002980232238769531,57001
sorted_python,0.0003070831298828125,57051
sorted_python,0.00035572052001953125,57101
sorted_python,0.00030994415283203125,57151
sorted_python,0.00029921531677246094,57201
sorted_python,0.0002980232238769531,57251
sorted_python,0.0006108283996582031,57301
sorted_python,0.0003032684326171875,57351
sorted_python,0.00029921531677246094,57401
sorted_python,0.0002989768981933594,57451
sorted_python,0.0002989768981933594,57501
sorted_python,0.00030112266540527344,57551
sorted_python,0.0003368854522705078,57601
sorted_python,0.0003249645233154297,57651
sorted_python,0.0003039836883544922,57701
sorted_python,0.00030303001403808594,57751
sorted_python,0.0003037452697753906,57801
sorted_python,0.000308990478515625,57851
sorted_python,0.0003058910369873047,57901
sorted_python,0.00030994415283203125,57951
sorted_python,0.00044798851013183594,58001
sorted_python,0.00032806396484375,58051
sorted_python,0.0003108978271484375,58101
sorted_python,0.00030803680419921875,58151
sorted_python,0.0003070831298828125,58201
sorted_python,0.0003070831298828125,58251
sorted_python,0.00030612945556640625,58301
sorted_python,0.0003082752227783203,58351
sorted_python,0.0003070831298828125,58401
sorted_python,0.00030803680419921875,58451
sorted_python,0.0003077983856201172,58501
sorted_python,0.0004589557647705078,58551
sorted_python,0.00032806396484375,58601
sorted_python,0.0003151893615722656,58651
sorted_python,0.0003108978271484375,58701
sorted_python,0.0003120899200439453,58751
sorted_python,0.0003120899200439453,58801
sorted_python,0.0003120899200439453,58851
sorted_python,0.00031113624572753906,58901
sorted_python,0.0003101825714111328,58951
sorted_python,0.00030803680419921875,59001
sorted_python,0.00035381317138671875,59051
sorted_python,0.0003509521484375,59101
sorted_python,0.000308990478515625,59151
sorted_python,0.0003151893615722656,59201
sorted_python,0.0003151893615722656,59251
sorted_python,0.0003151893615722656,59301
sorted_python,0.0003147125244140625,59351
sorted_python,0.0003151893615722656,59401
sorted_python,0.00031495094299316406,59451
sorted_python,0.00031495094299316406,59501
sorted_python,0.0003161430358886719,59551
sorted_python,0.000362396240234375,59601
sorted_python,0.00031685829162597656,59651
sorted_python,0.0003578662872314453,59701
sorted_python,0.0003459453582763672,59751
sorted_python,0.0003409385681152344,59801
sorted_python,0.0003178119659423828,59851
sorted_python,0.0003509521484375,59901
sorted_python,0.0003178119659423828,59951
sorted_python,0.00031685829162597656,60001
sorted_python,0.0003170967102050781,60051
sorted_python,0.00031828880310058594,60101
sorted_python,0.000324249267578125,60151
sorted_python,0.00032591819763183594,60201
sorted_python,0.0007510185241699219,60251
sorted_python,0.0004630088806152344,60301
sorted_python,0.0003509521484375,60351
sorted_python,0.0004069805145263672,60401
sorted_python,0.00039005279541015625,60451
sorted_python,0.0003256797790527344,60501
sorted_python,0.0003199577331542969,60551
sorted_python,0.0003268718719482422,60601
sorted_python,0.0003218650817871094,60651
sorted_python,0.00032210350036621094,60701
sorted_python,0.0003218650817871094,60751
sorted_python,0.00032901763916015625,60801
sorted_python,0.0003292560577392578,60851
sorted_python,0.00032782554626464844,60901
sorted_python,0.00034999847412109375,60951
sorted_python,0.00034999847412109375,61001
sorted_python,0.00032806396484375,61051
sorted_python,0.0003287792205810547,61101
sorted_python,0.00035309791564941406,61151
sorted_python,0.00032806396484375,61201
sorted_python,0.0003299713134765625,61251
sorted_python,0.00033283233642578125,61301
sorted_python,0.0004780292510986328,61351
sorted_python,0.0003561973571777344,61401
sorted_python,0.0003330707550048828,61451
sorted_python,0.0003342628479003906,61501
sorted_python,0.0003325939178466797,61551
sorted_python,0.0008099079132080078,61601
sorted_python,0.0003361701965332031,61651
sorted_python,0.0003311634063720703,61701
sorted_python,0.00033211708068847656,61751
sorted_python,0.0003521442413330078,61801
sorted_python,0.00033926963806152344,61851
sorted_python,0.00036716461181640625,61901
sorted_python,0.00035309791564941406,61951
sorted_python,0.0003371238708496094,62001
sorted_python,0.00033211708068847656,62051
sorted_python,0.0003330707550048828,62101
sorted_python,0.00032901763916015625,62151
sorted_python,0.0003299713134765625,62201
sorted_python,0.00037288665771484375,62251
sorted_python,0.00033092498779296875,62301
sorted_python,0.0003299713134765625,62351
sorted_python,0.00033593177795410156,62401
sorted_python,0.00033402442932128906,62451
sorted_python,0.0003349781036376953,62501
sorted_python,0.00033593177795410156,62551
sorted_python,0.00033593177795410156,62601
sorted_python,0.00033593177795410156,62651
sorted_python,0.0003380775451660156,62701
sorted_python,0.00033593177795410156,62751
sorted_python,0.0003371238708496094,62801
sorted_python,0.0003399848937988281,62851
sorted_python,0.0003380775451660156,62901
sorted_python,0.0005168914794921875,62951
sorted_python,0.00034499168395996094,63001
sorted_python,0.0003409385681152344,63051
sorted_python,0.0003387928009033203,63101
sorted_python,0.000347137451171875,63151
sorted_python,0.0005381107330322266,63201
sorted_python,0.0003440380096435547,63251
sorted_python,0.0003421306610107422,63301
sorted_python,0.0003418922424316406,63351
sorted_python,0.0003838539123535156,63401
sorted_python,0.0005109310150146484,63451
sorted_python,0.0005660057067871094,63501
sorted_python,0.0004069805145263672,63551
sorted_python,0.0003619194030761719,63601
sorted_python,0.0004930496215820312,63651
sorted_python,0.0004899501800537109,63701
sorted_python,0.00035691261291503906,63751
sorted_python,0.0003631114959716797,63801
sorted_python,0.0003418922424316406,63851
sorted_python,0.0006439685821533203,63901
sorted_python,0.00034308433532714844,63951
sorted_python,0.00034809112548828125,64001
sorted_python,0.00034689903259277344,64051
sorted_python,0.0003459453582763672,64101
sorted_python,0.000347137451171875,64151
sorted_python,0.0003478527069091797,64201
sorted_python,0.0003941059112548828,64251
sorted_python,0.00034999847412109375,64301
sorted_python,0.0003478527069091797,64351
sorted_python,0.0003581047058105469,64401
sorted_python,0.00034809112548828125,64451
sorted_python,0.00042700767517089844,64501
sorted_python,0.0003829002380371094,64551
sorted_python,0.0003561973571777344,64601
sorted_python,0.0003540515899658203,64651
sorted_python,0.0003540515899658203,64701
sorted_python,0.0003540515899658203,64751
sorted_python,0.0003561973571777344,64801
sorted_python,0.00035500526428222656,64851
sorted_python,0.0003559589385986328,64901
sorted_python,0.0003979206085205078,64951
sorted_python,0.0004448890686035156,65001
sorted_python,0.00044798851013183594,65051
sorted_python,0.0003578662872314453,65101
sorted_python,0.000354766845703125,65151
sorted_python,0.0003972053527832031,65201
sorted_python,0.000354766845703125,65251
sorted_python,0.00035500526428222656,65301
sorted_python,0.00035119056701660156,65351
sorted_python,0.0003497600555419922,65401
sorted_python,0.0003509521484375,65451
sorted_python,0.0003509521484375,65501
sorted_python,0.00035190582275390625,65551
sorted_python,0.00039768218994140625,65601
sorted_python,0.00035500526428222656,65651
sorted_python,0.0003559589385986328,65701
sorted_python,0.00036597251892089844,65751
sorted_python,0.0003561973571777344,65801
sorted_python,0.0003559589385986328,65851
sorted_python,0.00035691261291503906,65901
sorted_python,0.00038909912109375,65951
sorted_python,0.0003571510314941406,66001
sorted_python,0.00042819976806640625,66051
sorted_python,0.00037407875061035156,66101
sorted_python,0.00036144256591796875,66151
sorted_python,0.0003592967987060547,66201
sorted_python,0.00035881996154785156,66251
sorted_python,0.0003590583801269531,66301
sorted_python,0.0003597736358642578,66351
sorted_python,0.0003619194030761719,66401
sorted_python,0.0003628730773925781,66451
sorted_python,0.0003819465637207031,66501
sorted_python,0.0006041526794433594,66551
sorted_python,0.0003972053527832031,66601
sorted_python,0.00040602684020996094,66651
sorted_python,0.0003693103790283203,66701
sorted_python,0.0003657341003417969,66751
sorted_python,0.0003650188446044922,66801
sorted_python,0.000370025634765625,66851
sorted_python,0.00038814544677734375,66901
sorted_python,0.00036597251892089844,66951
sorted_python,0.00036025047302246094,67001
sorted_python,0.0003609657287597656,67051
sorted_python,0.0003609657287597656,67101
sorted_python,0.00040411949157714844,67151
sorted_python,0.00036907196044921875,67201
sorted_python,0.0003693103790283203,67251
sorted_python,0.00036787986755371094,67301
sorted_python,0.0003707408905029297,67351
sorted_python,0.0004107952117919922,67401
sorted_python,0.0003707408905029297,67451
sorted_python,0.000370025634765625,67501
sorted_python,0.0004286766052246094,67551
sorted_python,0.00040602684020996094,67601
sorted_python,0.0003750324249267578,67651
sorted_python,0.00037407875061035156,67701
sorted_python,0.00037288665771484375,67751
sorted_python,0.00037288665771484375,67801
sorted_python,0.0003731250762939453,67851
sorted_python,0.00037384033203125,67901
sorted_python,0.00037407875061035156,67951
sorted_python,0.0003750324249267578,68001
sorted_python,0.00039196014404296875,68051
sorted_python,0.0004191398620605469,68101
sorted_python,0.0004601478576660156,68151
sorted_python,0.0003819465637207031,68201
sorted_python,0.0003781318664550781,68251
sorted_python,0.0003771781921386719,68301
sorted_python,0.0003750324249267578,68351
sorted_python,0.0003771781921386719,68401
sorted_python,0.0003991127014160156,68451
sorted_python,0.00037670135498046875,68501
sorted_python,0.00037789344787597656,68551
sorted_python,0.0003960132598876953,68601
sorted_python,0.0003719329833984375,68651
sorted_python,0.0003719329833984375,68701
sorted_python,0.00041484832763671875,68751
sorted_python,0.0004239082336425781,68801
sorted_python,0.0003819465637207031,68851
sorted_python,0.0003809928894042969,68901
sorted_python,0.0003829002380371094,68951
sorted_python,0.0003807544708251953,69001
sorted_python,0.0003960132598876953,69051
sorted_python,0.0004591941833496094,69101
sorted_python,0.0003871917724609375,69151
sorted_python,0.00038313865661621094,69201
sorted_python,0.0004680156707763672,69251
sorted_python,0.0004069805145263672,69301
sorted_python,0.0003838539123535156,69351
sorted_python,0.0003848075866699219,69401
sorted_python,0.0004558563232421875,69451
sorted_python,0.0005140304565429688,69501
sorted_python,0.00042510032653808594,69551
sorted_python,0.0004189014434814453,69601
sorted_python,0.0004150867462158203,69651
sorted_python,0.0004208087921142578,69701
sorted_python,0.00040078163146972656,69751
sorted_python,0.00039124488830566406,69801
sorted_python,0.0003898143768310547,69851
sorted_python,0.00038695335388183594,69901
sorted_python,0.0004353523254394531,69951
sorted_python,0.00038695335388183594,70001
sorted_python,0.00038886070251464844,70051
sorted_python,0.00038814544677734375,70101
sorted_python,0.0003898143768310547,70151
sorted_python,0.0003829002380371094,70201
sorted_python,0.0003838539123535156,70251
sorted_python,0.0003829002380371094,70301
sorted_python,0.0003998279571533203,70351
sorted_python,0.0003998279571533203,70401
sorted_python,0.00039124488830566406,70451
sorted_python,0.0004360675811767578,70501
sorted_python,0.00040435791015625,70551
sorted_python,0.00039005279541015625,70601
sorted_python,0.0003910064697265625,70651
sorted_python,0.00039076805114746094,70701
sorted_python,0.00039196014404296875,70751
sorted_python,0.0003917217254638672,70801
sorted_python,0.00039196014404296875,70851
sorted_python,0.00039196014404296875,70901
sorted_python,0.00041604042053222656,70951
sorted_python,0.0004677772521972656,71001
sorted_python,0.00048828125,71051
sorted_python,0.00039887428283691406,71101
sorted_python,0.00039696693420410156,71151
sorted_python,0.0003979206085205078,71201
sorted_python,0.0003981590270996094,71251
sorted_python,0.00039696693420410156,71301
sorted_python,0.000396728515625,71351
sorted_python,0.00040912628173828125,71401
sorted_python,0.00043392181396484375,71451
sorted_python,0.0005471706390380859,71501
sorted_python,0.000396728515625,71551
sorted_python,0.0003962516784667969,71601
sorted_python,0.00039696693420410156,71651
sorted_python,0.0003962516784667969,71701
sorted_python,0.00039696693420410156,71751
sorted_python,0.00039196014404296875,71801
sorted_python,0.0004379749298095703,71851
sorted_python,0.0005130767822265625,71901
sorted_python,0.00044918060302734375,71951
sorted_python,0.0004107952117919922,72001
sorted_python,0.0004038810729980469,72051
sorted_python,0.0004038810729980469,72101
sorted_python,0.00040411949157714844,72151
sorted_python,0.0004029273986816406,72201
sorted_python,0.00045228004455566406,72251
sorted_python,0.00040602684020996094,72301
sorted_python,0.0004432201385498047,72351
sorted_python,0.000576019287109375,72401
sorted_python,0.00043010711669921875,72451
sorted_python,0.00040602684020996094,72501
sorted_python,0.0004038810729980469,72551
sorted_python,0.0004038810729980469,72601
sorted_python,0.0004038810729980469,72651
sorted_python,0.00040912628173828125,72701
sorted_python,0.0004067420959472656,72751
sorted_python,0.00040602684020996094,72801
sorted_python,0.0004069805145263672,72851
sorted_python,0.0004069805145263672,72901
sorted_python,0.0004088878631591797,72951
sorted_python,0.0004069805145263672,73001
sorted_python,0.0004076957702636719,73051
sorted_python,0.000408172607421875,73101
sorted_python,0.0004088878631591797,73151
sorted_python,0.00040984153747558594,73201
sorted_python,0.00040912628173828125,73251
sorted_python,0.0004889965057373047,73301
sorted_python,0.0004470348358154297,73351
sorted_python,0.0004107952117919922,73401
sorted_python,0.00040411949157714844,73451
sorted_python,0.0004029273986816406,73501
sorted_python,0.0004038810729980469,73551
sorted_python,0.0004131793975830078,73601
sorted_python,0.0004131793975830078,73651
sorted_python,0.0004200935363769531,73701
sorted_python,0.0006558895111083984,73751
sorted_python,0.0004658699035644531,73801
sorted_python,0.00041794776916503906,73851
sorted_python,0.0004138946533203125,73901
sorted_python,0.0004143714904785156,73951
sorted_python,0.0004189014434814453,74001
sorted_python,0.0008399486541748047,74051
sorted_python,0.00041794776916503906,74101
sorted_python,0.0004169940948486328,74151
sorted_python,0.00041604042053222656,74201
sorted_python,0.0004169940948486328,74251
sorted_python,0.0004229545593261719,74301
sorted_python,0.0004169940948486328,74351
sorted_python,0.0004169940948486328,74401
sorted_python,0.0005369186401367188,74451
sorted_python,0.0004229545593261719,74501
sorted_python,0.0004220008850097656,74551
sorted_python,0.0006058216094970703,74601
sorted_python,0.000453948974609375,74651
sorted_python,0.0004279613494873047,74701
sorted_python,0.00042128562927246094,74751
sorted_python,0.00042176246643066406,74801
sorted_python,0.0004200935363769531,74851
sorted_python,0.0004208087921142578,74901
sorted_python,0.0004973411560058594,74951
sorted_python,0.0004398822784423828,75001
sorted_python,0.0006310939788818359,75051
sorted_python,0.0004489421844482422,75101
sorted_python,0.0004551410675048828,75151
sorted_python,0.00042319297790527344,75201
sorted_python,0.00042319297790527344,75251
sorted_python,0.0004227161407470703,75301
sorted_python,0.0004229545593261719,75351
sorted_python,0.0004570484161376953,75401
sorted_python,0.00042319297790527344,75451
sorted_python,0.00042319297790527344,75501
sorted_python,0.0004260540008544922,75551
sorted_python,0.0004260540008544922,75601
sorted_python,0.0004279613494873047,75651
sorted_python,0.0004260540008544922,75701
sorted_python,0.0004260540008544922,75751
sorted_python,0.0004248619079589844,75801
sorted_python,0.0004291534423828125,75851
sorted_python,0.00042700767517089844,75901
sorted_python,0.000514984130859375,75951
sorted_python,0.00043010711669921875,76001
sorted_python,0.00045490264892578125,76051
sorted_python,0.00042700767517089844,76101
sorted_python,0.00042700767517089844,76151
sorted_python,0.00042700767517089844,76201
sorted_python,0.00043201446533203125,76251
sorted_python,0.00043201446533203125,76301
sorted_python,0.0004372596740722656,76351
sorted_python,0.0005331039428710938,76401
sorted_python,0.0004699230194091797,76451
sorted_python,0.00043392181396484375,76501
sorted_python,0.0004322528839111328,76551
sorted_python,0.0004322528839111328,76601
sorted_python,0.00042700767517089844,76651
sorted_python,0.00042700767517089844,76701
sorted_python,0.0004260540008544922,76751
sorted_python,0.0004868507385253906,76801
sorted_python,0.0004811286926269531,76851
sorted_python,0.00043702125549316406,76901
sorted_python,0.00043702125549316406,76951
sorted_python,0.00043892860412597656,77001
sorted_python,0.0004410743713378906,77051
sorted_python,0.00043892860412597656,77101
sorted_python,0.0004398822784423828,77151
sorted_python,0.0004391670227050781,77201
sorted_python,0.000514984130859375,77251
sorted_python,0.0007140636444091797,77301
sorted_python,0.00043892860412597656,77351
sorted_python,0.0004420280456542969,77401
sorted_python,0.00043964385986328125,77451
sorted_python,0.00047516822814941406,77501
sorted_python,0.0005190372467041016,77551
sorted_python,0.0004439353942871094,77601
sorted_python,0.00047516822814941406,77651
sorted_python,0.0007328987121582031,77701
sorted_python,0.0004837512969970703,77751
sorted_python,0.0004909038543701172,77801
sorted_python,0.0009152889251708984,77851
sorted_python,0.0005099773406982422,77901
sorted_python,0.0004439353942871094,77951
sorted_python,0.0004439353942871094,78001
sorted_python,0.0004429817199707031,78051
sorted_python,0.0004439353942871094,78101
sorted_python,0.0004429817199707031,78151
sorted_python,0.0004439353942871094,78201
sorted_python,0.0005981922149658203,78251
sorted_python,0.00043702125549316406,78301
sorted_python,0.0004360675811767578,78351
sorted_python,0.00048804283142089844,78401
sorted_python,0.00045299530029296875,78451
sorted_python,0.0004899501800537109,78501
sorted_python,0.000492095947265625,78551
sorted_python,0.0004470348358154297,78601
sorted_python,0.0004489421844482422,78651
sorted_python,0.0004487037658691406,78701
sorted_python,0.00044798851013183594,78751
sorted_python,0.00044989585876464844,78801
sorted_python,0.00045299530029296875,78851
sorted_python,0.0007009506225585938,78901
sorted_python,0.0007600784301757812,78951
sorted_python,0.0006890296936035156,79001
sorted_python,0.00045609474182128906,79051
sorted_python,0.00045490264892578125,79101
sorted_python,0.0004527568817138672,79151
sorted_python,0.0005009174346923828,79201
sorted_python,0.00045299530029296875,79251
sorted_python,0.00045418739318847656,79301
sorted_python,0.0005030632019042969,79351
sorted_python,0.00045180320739746094,79401
sorted_python,0.0004572868347167969,79451
sorted_python,0.00045490264892578125,79501
sorted_python,0.0004570484161376953,79551
sorted_python,0.0004558563232421875,79601
sorted_python,0.00045490264892578125,79651
sorted_python,0.0004990100860595703,79701
sorted_python,0.00045609474182128906,79751
sorted_python,0.0004961490631103516,79801
sorted_python,0.0005030632019042969,79851
sorted_python,0.0004520416259765625,79901
sorted_python,0.0004520416259765625,79951
sorted_python,0.0004601478576660156,80001
sorted_python,0.0004909038543701172,80051
sorted_python,0.0006651878356933594,80101
sorted_python,0.0005428791046142578,80151
sorted_python,0.0005371570587158203,80201
sorted_python,0.0005011558532714844,80251
sorted_python,0.0005741119384765625,80301
sorted_python,0.0005278587341308594,80351
sorted_python,0.0005271434783935547,80401
sorted_python,0.0005278587341308594,80451
sorted_python,0.0005259513854980469,80501
sorted_python,0.0007150173187255859,80551
sorted_python,0.0005178451538085938,80601
sorted_python,0.0005311965942382812,80651
sorted_python,0.000576019287109375,80701
sorted_python,0.0015041828155517578,80751
sorted_python,0.0006570816040039062,80801
sorted_python,0.0005328655242919922,80851
sorted_python,0.0005190372467041016,80901
sorted_python,0.0005869865417480469,80951
sorted_python,0.0005490779876708984,81001
sorted_python,0.0007071495056152344,81051
sorted_python,0.0006327629089355469,81101
sorted_python,0.0006058216094970703,81151
sorted_python,0.0007469654083251953,81201
sorted_python,0.0005660057067871094,81251
sorted_python,0.0006680488586425781,81301
sorted_python,0.0006859302520751953,81351
sorted_python,0.0005056858062744141,81401
sorted_python,0.0006468296051025391,81451
sorted_python,0.0005769729614257812,81501
sorted_python,0.0005803108215332031,81551
sorted_python,0.0010259151458740234,81601
sorted_python,0.0006909370422363281,81651
sorted_python,0.0006411075592041016,81701
sorted_python,0.0005621910095214844,81751
sorted_python,0.0006070137023925781,81801
sorted_python,0.0005791187286376953,81851
sorted_python,0.0006148815155029297,81901
sorted_python,0.0006110668182373047,81951
sorted_python,0.0006058216094970703,82001
sorted_python,0.00080108642578125,82051
sorted_python,0.000865936279296875,82101
sorted_python,0.0005159378051757812,82151
sorted_python,0.0006241798400878906,82201
sorted_python,0.000579833984375,82251
sorted_python,0.0006840229034423828,82301
sorted_python,0.001096963882446289,82351
sorted_python,0.0005440711975097656,82401
sorted_python,0.0005791187286376953,82451
sorted_python,0.0013239383697509766,82501
sorted_python,0.000518798828125,82551
sorted_python,0.0006339550018310547,82601
sorted_python,0.0007140636444091797,82651
sorted_python,0.0007410049438476562,82701
sorted_python,0.0007829666137695312,82751
sorted_python,0.0007390975952148438,82801
sorted_python,0.0006539821624755859,82851
sorted_python,0.0005817413330078125,82901
sorted_python,0.0006012916564941406,82951
sorted_python,0.0006680488586425781,83001
sorted_python,0.0005979537963867188,83051
sorted_python,0.0005819797515869141,83101
sorted_python,0.0005738735198974609,83151
sorted_python,0.0011327266693115234,83201
sorted_python,0.0005958080291748047,83251
sorted_python,0.0005931854248046875,83301
sorted_python,0.0005857944488525391,83351
sorted_python,0.000553131103515625,83401
sorted_python,0.0005521774291992188,83451
sorted_python,0.0009219646453857422,83501
sorted_python,0.0006959438323974609,83551
sorted_python,0.0005447864532470703,83601
sorted_python,0.0008301734924316406,83651
sorted_python,0.0005130767822265625,83701
sorted_python,0.0005741119384765625,83751
sorted_python,0.0005450248718261719,83801
sorted_python,0.0005970001220703125,83851
sorted_python,0.0007531642913818359,83901
sorted_python,0.0005948543548583984,83951
sorted_python,0.0006349086761474609,84001
sorted_python,0.0009343624114990234,84051
sorted_python,0.0006139278411865234,84101
sorted_python,0.0006909370422363281,84151
sorted_python,0.0007579326629638672,84201
sorted_python,0.0006401538848876953,84251
sorted_python,0.0005550384521484375,84301
sorted_python,0.0005359649658203125,84351
sorted_python,0.0006148815155029297,84401
sorted_python,0.0007908344268798828,84451
sorted_python,0.0006859302520751953,84501
sorted_python,0.0006461143493652344,84551
sorted_python,0.0005469322204589844,84601
sorted_python,0.0008692741394042969,84651
sorted_python,0.0007021427154541016,84701
sorted_python,0.0006918907165527344,84751
sorted_python,0.0005130767822265625,84801
sorted_python,0.0004968643188476562,84851
sorted_python,0.0005409717559814453,84901
sorted_python,0.0004951953887939453,84951
sorted_python,0.000514984130859375,85001
sorted_python,0.0004971027374267578,85051
sorted_python,0.0004937648773193359,85101
sorted_python,0.0004928112030029297,85151
sorted_python,0.0005042552947998047,85201
sorted_python,0.0004982948303222656,85251
sorted_python,0.0004971027374267578,85301
sorted_python,0.0004971027374267578,85351
sorted_python,0.0005400180816650391,85401
sorted_python,0.0007171630859375,85451
sorted_python,0.0005199909210205078,85501
sorted_python,0.0004978179931640625,85551
sorted_python,0.00049591064453125,85601
sorted_python,0.0004947185516357422,85651
sorted_python,0.0004947185516357422,85701
sorted_python,0.0004947185516357422,85751
sorted_python,0.0004951953887939453,85801
sorted_python,0.0006530284881591797,85851
sorted_python,0.0006132125854492188,85901
sorted_python,0.0005357265472412109,85951
sorted_python,0.0005061626434326172,86001
sorted_python,0.0005078315734863281,86051
sorted_python,0.0005030632019042969,86101
sorted_python,0.0005471706390380859,86151
sorted_python,0.0005440711975097656,86201
sorted_python,0.0005049705505371094,86251
sorted_python,0.0004940032958984375,86301
sorted_python,0.0004930496215820312,86351
sorted_python,0.0005040168762207031,86401
sorted_python,0.0005049705505371094,86451
sorted_python,0.0005037784576416016,86501
sorted_python,0.0005049705505371094,86551
sorted_python,0.0005037784576416016,86601
sorted_python,0.000553131103515625,86651
sorted_python,0.0005478858947753906,86701
sorted_python,0.0005078315734863281,86751
sorted_python,0.0005292892456054688,86801
sorted_python,0.0006291866302490234,86851
sorted_python,0.0005497932434082031,86901
sorted_python,0.0005078315734863281,86951
sorted_python,0.0006101131439208984,87001
sorted_python,0.0005788803100585938,87051
sorted_python,0.0006318092346191406,87101
sorted_python,0.0005080699920654297,87151
sorted_python,0.0005488395690917969,87201
sorted_python,0.0005080699920654297,87251
sorted_python,0.0005068778991699219,87301
sorted_python,0.0005261898040771484,87351
sorted_python,0.0005261898040771484,87401
sorted_python,0.0005068778991699219,87451
sorted_python,0.0005061626434326172,87501
sorted_python,0.00054931640625,87551
sorted_python,0.0005071163177490234,87601
sorted_python,0.0005071163177490234,87651
sorted_python,0.0005400180816650391,87701
sorted_python,0.0005068778991699219,87751
sorted_python,0.0005588531494140625,87801
sorted_python,0.0005748271942138672,87851
sorted_python,0.0005042552947998047,87901
sorted_python,0.0005018711090087891,87951
sorted_python,0.000514984130859375,88001
sorted_python,0.0005128383636474609,88051
sorted_python,0.0005130767822265625,88101
sorted_python,0.0006802082061767578,88151
sorted_python,0.000576019287109375,88201
sorted_python,0.0005209445953369141,88251
sorted_python,0.0005152225494384766,88301
sorted_python,0.000518798828125,88351
sorted_python,0.0005190372467041016,88401
sorted_python,0.0005202293395996094,88451
sorted_python,0.0005202293395996094,88501
sorted_python,0.0005190372467041016,88551
sorted_python,0.0005190372467041016,88601
sorted_python,0.0005171298980712891,88651
sorted_python,0.0005199909210205078,88701
sorted_python,0.0005221366882324219,88751
sorted_python,0.0005218982696533203,88801
sorted_python,0.0005228519439697266,88851
sorted_python,0.0005209445953369141,88901
sorted_python,0.0005800724029541016,88951
sorted_python,0.0005218982696533203,89001
sorted_python,0.0005178451538085938,89051
sorted_python,0.0005171298980712891,89101
sorted_python,0.0006670951843261719,89151
sorted_python,0.0005669593811035156,89201
sorted_python,0.0005471706390380859,89251
sorted_python,0.0005729198455810547,89301
sorted_python,0.0006759166717529297,89351
sorted_python,0.0005331039428710938,89401
sorted_python,0.0005440711975097656,89451
sorted_python,0.0005171298980712891,89501
sorted_python,0.0005297660827636719,89551
sorted_python,0.0005300045013427734,89601
sorted_python,0.0005300045013427734,89651
sorted_python,0.0005278587341308594,89701
sorted_python,0.0005288124084472656,89751
sorted_python,0.000530242919921875,89801
sorted_python,0.0005290508270263672,89851
sorted_python,0.0005309581756591797,89901
sorted_python,0.0005331039428710938,89951
sorted_python,0.0005297660827636719,90001
sorted_python,0.0005769729614257812,90051
sorted_python,0.000579833984375,90101
sorted_python,0.0005297660827636719,90151
sorted_python,0.0005288124084472656,90201
sorted_python,0.0005288124084472656,90251
sorted_python,0.0005300045013427734,90301
sorted_python,0.0005350112915039062,90351
sorted_python,0.0005698204040527344,90401
sorted_python,0.0009691715240478516,90451
sorted_python,0.0005459785461425781,90501
sorted_python,0.000537872314453125,90551
sorted_python,0.0005381107330322266,90601
sorted_python,0.0005362033843994141,90651
sorted_python,0.0005350112915039062,90701
sorted_python,0.0005340576171875,90751
sorted_python,0.000537872314453125,90801
sorted_python,0.0005428791046142578,90851
sorted_python,0.0005359649658203125,90901
sorted_python,0.0005359649658203125,90951
sorted_python,0.0005362033843994141,91001
sorted_python,0.0005438327789306641,91051
sorted_python,0.0005271434783935547,91101
sorted_python,0.0005872249603271484,91151
sorted_python,0.0005371570587158203,91201
sorted_python,0.0005457401275634766,91251
sorted_python,0.0005340576171875,91301
sorted_python,0.0006041526794433594,91351
sorted_python,0.0005419254302978516,91401
sorted_python,0.0005590915679931641,91451
sorted_python,0.0007507801055908203,91501
sorted_python,0.0007898807525634766,91551
sorted_python,0.0005958080291748047,91601
sorted_python,0.0005681514739990234,91651
sorted_python,0.0005588531494140625,91701
sorted_python,0.0005362033843994141,91751
sorted_python,0.0005402565002441406,91801
sorted_python,0.0005428791046142578,91851
sorted_python,0.0005419254302978516,91901
sorted_python,0.0005412101745605469,91951
sorted_python,0.0005860328674316406,92001
sorted_python,0.0005640983581542969,92051
sorted_python,0.0005412101745605469,92101
sorted_python,0.0005540847778320312,92151
sorted_python,0.0005450248718261719,92201
sorted_python,0.0006210803985595703,92251
sorted_python,0.0005450248718261719,92301
sorted_python,0.0005424022674560547,92351
sorted_python,0.0005428791046142578,92401
sorted_python,0.0005888938903808594,92451
sorted_python,0.0005550384521484375,92501
sorted_python,0.0005590915679931641,92551
sorted_python,0.0006089210510253906,92601
sorted_python,0.00061798095703125,92651
sorted_python,0.0005397796630859375,92701
sorted_python,0.000537872314453125,92751
sorted_python,0.0005691051483154297,92801
sorted_python,0.0005462169647216797,92851
sorted_python,0.0005919933319091797,92901
sorted_python,0.0005896091461181641,92951
sorted_python,0.0005459785461425781,93001
sorted_python,0.0005471706390380859,93051
sorted_python,0.0005481243133544922,93101
sorted_python,0.0005509853363037109,93151
sorted_python,0.0005502700805664062,93201
sorted_python,0.0005490779876708984,93251
sorted_python,0.0007212162017822266,93301
sorted_python,0.0005750656127929688,93351
sorted_python,0.0005970001220703125,93401
sorted_python,0.0007262229919433594,93451
sorted_python,0.0006368160247802734,93501
sorted_python,0.0005538463592529297,93551
sorted_python,0.0005748271942138672,93601
sorted_python,0.0006039142608642578,93651
sorted_python,0.0006017684936523438,93701
sorted_python,0.0005550384521484375,93751
sorted_python,0.0005509853363037109,93801
sorted_python,0.0005819797515869141,93851
sorted_python,0.0005559921264648438,93901
sorted_python,0.0005791187286376953,93951
sorted_python,0.0005581378936767578,94001
sorted_python,0.00055694580078125,94051
sorted_python,0.0005581378936767578,94101
sorted_python,0.0006010532379150391,94151
sorted_python,0.0005598068237304688,94201
sorted_python,0.0005559921264648438,94251
sorted_python,0.0005981922149658203,94301
sorted_python,0.0005691051483154297,94351
sorted_python,0.0013718605041503906,94401
sorted_python,0.0005960464477539062,94451
sorted_python,0.0006041526794433594,94501
sorted_python,0.0005612373352050781,94551
sorted_python,0.0005869865417480469,94601
sorted_python,0.0005629062652587891,94651
sorted_python,0.00061798095703125,94701
sorted_python,0.0006604194641113281,94751
sorted_python,0.0005750656127929688,94801
sorted_python,0.0005660057067871094,94851
sorted_python,0.0005629062652587891,94901
sorted_python,0.0006079673767089844,94951
sorted_python,0.0005638599395751953,95001
sorted_python,0.0005640983581542969,95051
sorted_python,0.0005650520324707031,95101
sorted_python,0.0005657672882080078,95151
sorted_python,0.0005619525909423828,95201
sorted_python,0.0005619525909423828,95251
sorted_python,0.0005669593811035156,95301
sorted_python,0.0005702972412109375,95351
sorted_python,0.0006251335144042969,95401
sorted_python,0.0006730556488037109,95451
sorted_python,0.0005679130554199219,95501
sorted_python,0.0005679130554199219,95551
sorted_python,0.0010838508605957031,95601
sorted_python,0.0006201267242431641,95651
sorted_python,0.0005681514739990234,95701
sorted_python,0.0006248950958251953,95751
sorted_python,0.0006279945373535156,95801
sorted_python,0.0005702972412109375,95851
sorted_python,0.0005829334259033203,95901
sorted_python,0.0006132125854492188,95951
sorted_python,0.0005750656127929688,96001
sorted_python,0.0005931854248046875,96051
sorted_python,0.0005750656127929688,96101
sorted_python,0.0005750656127929688,96151
sorted_python,0.00061798095703125,96201
sorted_python,0.0005772113800048828,96251
sorted_python,0.0005748271942138672,96301
sorted_python,0.0011861324310302734,96351
sorted_python,0.0005729198455810547,96401
sorted_python,0.0006937980651855469,96451
sorted_python,0.0006251335144042969,96501
sorted_python,0.0005741119384765625,96551
sorted_python,0.0005719661712646484,96601
sorted_python,0.00057220458984375,96651
sorted_python,0.0005719661712646484,96701
sorted_python,0.0006210803985595703,96751
sorted_python,0.0008709430694580078,96801
sorted_python,0.0006160736083984375,96851
sorted_python,0.0005800724029541016,96901
sorted_python,0.0006222724914550781,96951
sorted_python,0.0006730556488037109,97001
sorted_python,0.0005810260772705078,97051
sorted_python,0.0005819797515869141,97101
sorted_python,0.0009958744049072266,97151
sorted_python,0.0005850791931152344,97201
sorted_python,0.0005831718444824219,97251
sorted_python,0.0005819797515869141,97301
sorted_python,0.0005819797515869141,97351
sorted_python,0.0005850791931152344,97401
sorted_python,0.0006117820739746094,97451
sorted_python,0.0009410381317138672,97501
sorted_python,0.0005750656127929688,97551
sorted_python,0.0005810260772705078,97601
sorted_python,0.0006940364837646484,97651
sorted_python,0.0006289482116699219,97701
sorted_python,0.0005891323089599609,97751
sorted_python,0.000621795654296875,97801
sorted_python,0.0006840229034423828,97851
sorted_python,0.0005848407745361328,97901
sorted_python,0.0005838871002197266,97951
sorted_python,0.0006101131439208984,98001
sorted_python,0.0005869865417480469,98051
sorted_python,0.0005931854248046875,98101
sorted_python,0.0005891323089599609,98151
sorted_python,0.0005879402160644531,98201
sorted_python,0.0005869865417480469,98251
sorted_python,0.0005881786346435547,98301
sorted_python,0.0005900859832763672,98351
sorted_python,0.0006053447723388672,98401
sorted_python,0.0005950927734375,98451
sorted_python,0.0007190704345703125,98501
sorted_python,0.0006041526794433594,98551
sorted_python,0.0005879402160644531,98601
sorted_python,0.0005869865417480469,98651
sorted_python,0.0005857944488525391,98701
sorted_python,0.0005867481231689453,98751
sorted_python,0.0006351470947265625,98801
sorted_python,0.0006799697875976562,98851
sorted_python,0.0006399154663085938,98901
sorted_python,0.0006000995635986328,98951
sorted_python,0.0005962848663330078,99001
sorted_python,0.0005927085876464844,99051
sorted_python,0.0005860328674316406,99101
sorted_python,0.0005850791931152344,99151
sorted_python,0.0005970001220703125,99201
sorted_python,0.0005979537963867188,99251
sorted_python,0.0005970001220703125,99301
sorted_python,0.0005960464477539062,99351
sorted_python,0.0005970001220703125,99401
sorted_python,0.0006000995635986328,99451
sorted_python,0.0005970001220703125,99501
sorted_python,0.0006601810455322266,99551
sorted_python,0.0006449222564697266,99601
sorted_python,0.0007159709930419922,99651
sorted_python,0.0006890296936035156,99701
sorted_python,0.0006008148193359375,99751
sorted_python,0.0005996227264404297,99801
sorted_python,0.0006241798400878906,99851
sorted_python,0.0006849765777587891,99901
sorted_python,0.0006129741668701172,99951
