Algorithm,time,n,m,scenario
binary_search,6.91413879395e-06,11,3,random
binary_search,5.96046447754e-06,22,6,aaa
binary_search,4.05311584473e-06,21,6,random
binary_search,4.05311584473e-06,42,12,aaa
binary_search,4.05311584473e-06,31,10,random
binary_search,5.00679016113e-06,62,20,aaa
binary_search,5.00679016113e-06,41,13,random
binary_search,5.96046447754e-06,82,26,aaa
binary_search,5.00679016113e-06,51,16,random
binary_search,5.00679016113e-06,102,32,aaa
binary_search,5.00679016113e-06,61,20,random
binary_search,7.15255737305e-06,122,40,aaa
binary_search,3.81469726562e-06,71,23,random
binary_search,4.05311584473e-06,142,46,aaa
binary_search,5.96046447754e-06,81,26,random
binary_search,5.00679016113e-06,162,52,aaa
binary_search,5.00679016113e-06,91,30,random
binary_search,5.00679016113e-06,182,60,aaa
binary_search,4.05311584473e-06,101,33,random
binary_search,5.96046447754e-06,202,66,aaa
binary_search,5.96046447754e-06,111,36,random
binary_search,5.96046447754e-06,222,72,aaa
binary_search,5.00679016113e-06,121,40,random
binary_search,5.00679016113e-06,242,80,aaa
binary_search,5.00679016113e-06,131,43,random
binary_search,5.00679016113e-06,262,86,aaa
binary_search,5.00679016113e-06,141,46,random
binary_search,5.96046447754e-06,282,92,aaa
binary_search,5.96046447754e-06,151,50,random
binary_search,5.96046447754e-06,302,100,aaa
binary_search,5.96046447754e-06,161,53,random
binary_search,7.15255737305e-06,322,106,aaa
binary_search,5.00679016113e-06,171,56,random
binary_search,8.10623168945e-06,342,112,aaa
binary_search,5.96046447754e-06,181,60,random
binary_search,5.96046447754e-06,362,120,aaa
binary_search,6.91413879395e-06,191,63,random
binary_search,6.91413879395e-06,382,126,aaa
binary_search,5.00679016113e-06,201,66,random
binary_search,5.96046447754e-06,402,132,aaa
binary_search,5.96046447754e-06,211,70,random
binary_search,1.38282775879e-05,422,140,aaa
binary_search,8.10623168945e-06,221,73,random
binary_search,1.31130218506e-05,442,146,aaa
binary_search,8.10623168945e-06,231,76,random
binary_search,7.86781311035e-06,462,152,aaa
binary_search,5.96046447754e-06,241,80,random
binary_search,7.15255737305e-06,482,160,aaa
binary_search,5.96046447754e-06,251,83,random
binary_search,6.91413879395e-06,502,166,aaa
binary_search,5.96046447754e-06,261,86,random
binary_search,9.05990600586e-06,522,172,aaa
binary_search,5.96046447754e-06,271,90,random
binary_search,6.91413879395e-06,542,180,aaa
binary_search,5.96046447754e-06,281,93,random
binary_search,5.96046447754e-06,562,186,aaa
binary_search,5.96046447754e-06,291,96,random
binary_search,5.96046447754e-06,582,192,aaa
binary_search,7.15255737305e-06,301,100,random
binary_search,9.05990600586e-06,602,200,aaa
binary_search,7.86781311035e-06,311,103,random
binary_search,7.15255737305e-06,622,206,aaa
binary_search,6.91413879395e-06,321,106,random
binary_search,6.91413879395e-06,642,212,aaa
binary_search,5.96046447754e-06,331,110,random
binary_search,6.19888305664e-06,662,220,aaa
binary_search,5.96046447754e-06,341,113,random
binary_search,5.96046447754e-06,682,226,aaa
binary_search,5.96046447754e-06,351,116,random
binary_search,6.19888305664e-06,702,232,aaa
binary_search,5.00679016113e-06,361,120,random
binary_search,5.96046447754e-06,722,240,aaa
binary_search,6.19888305664e-06,371,123,random
binary_search,6.19888305664e-06,742,246,aaa
binary_search,7.15255737305e-06,381,126,random
binary_search,5.96046447754e-06,762,252,aaa
binary_search,2.09808349609e-05,391,130,random
binary_search,5.96046447754e-06,782,260,aaa
binary_search,6.91413879395e-06,401,133,random
binary_search,6.91413879395e-06,802,266,aaa
binary_search,2.00271606445e-05,411,136,random
binary_search,7.86781311035e-06,822,272,aaa
binary_search,9.05990600586e-06,421,140,random
binary_search,8.10623168945e-06,842,280,aaa
binary_search,8.10623168945e-06,431,143,random
binary_search,1.21593475342e-05,862,286,aaa
binary_search,1.31130218506e-05,441,146,random
binary_search,1.00135803223e-05,882,292,aaa
binary_search,1.09672546387e-05,451,150,random
binary_search,9.77516174316e-06,902,300,aaa
binary_search,9.05990600586e-06,461,153,random
binary_search,8.82148742676e-06,922,306,aaa
binary_search,7.86781311035e-06,471,156,random
binary_search,8.10623168945e-06,942,312,aaa
binary_search,1.19209289551e-05,481,160,random
binary_search,7.86781311035e-06,962,320,aaa
binary_search,7.15255737305e-06,491,163,random
binary_search,6.91413879395e-06,982,326,aaa
binary_search,5.96046447754e-06,501,166,random
binary_search,7.15255737305e-06,1002,332,aaa
binary_search,5.96046447754e-06,511,170,random
binary_search,8.10623168945e-06,1022,340,aaa
binary_search,5.00679016113e-06,521,173,random
binary_search,5.96046447754e-06,1042,346,aaa
binary_search,6.91413879395e-06,531,176,random
binary_search,6.91413879395e-06,1062,352,aaa
binary_search,7.15255737305e-06,541,180,random
binary_search,5.96046447754e-06,1082,360,aaa
binary_search,5.96046447754e-06,551,183,random
binary_search,7.15255737305e-06,1102,366,aaa
binary_search,6.91413879395e-06,561,186,random
binary_search,7.15255737305e-06,1122,372,aaa
binary_search,2.47955322266e-05,571,190,random
binary_search,1.8835067749e-05,1142,380,aaa
binary_search,1.09672546387e-05,581,193,random
binary_search,1.19209289551e-05,1162,386,aaa
binary_search,8.82148742676e-06,591,196,random
binary_search,1.00135803223e-05,1182,392,aaa
binary_search,9.05990600586e-06,601,200,random
binary_search,8.10623168945e-06,1202,400,aaa
binary_search,8.10623168945e-06,611,203,random
binary_search,8.10623168945e-06,1222,406,aaa
binary_search,6.91413879395e-06,621,206,random
binary_search,6.91413879395e-06,1242,412,aaa
binary_search,8.10623168945e-06,631,210,random
binary_search,7.15255737305e-06,1262,420,aaa
binary_search,8.10623168945e-06,641,213,random
binary_search,8.10623168945e-06,1282,426,aaa
binary_search,6.91413879395e-06,651,216,random
binary_search,7.15255737305e-06,1302,432,aaa
binary_search,6.91413879395e-06,661,220,random
binary_search,6.91413879395e-06,1322,440,aaa
binary_search,5.29289245605e-05,671,223,random
binary_search,1.71661376953e-05,1342,446,aaa
binary_search,1.09672546387e-05,681,226,random
binary_search,1.31130218506e-05,1362,452,aaa
binary_search,1.09672546387e-05,691,230,random
binary_search,1.28746032715e-05,1382,460,aaa
binary_search,1.00135803223e-05,701,233,random
binary_search,1.00135803223e-05,1402,466,aaa
binary_search,9.05990600586e-06,711,236,random
binary_search,8.10623168945e-06,1422,472,aaa
binary_search,7.86781311035e-06,721,240,random
binary_search,1.4066696167e-05,1442,480,aaa
binary_search,6.91413879395e-06,731,243,random
binary_search,1.00135803223e-05,1462,486,aaa
binary_search,6.91413879395e-06,741,246,random
binary_search,1.00135803223e-05,1482,492,aaa
binary_search,7.15255737305e-06,751,250,random
binary_search,1.00135803223e-05,1502,500,aaa
binary_search,5.96046447754e-06,761,253,random
binary_search,8.82148742676e-06,1522,506,aaa
binary_search,6.91413879395e-06,771,256,random
binary_search,1.00135803223e-05,1542,512,aaa
binary_search,7.15255737305e-06,781,260,random
binary_search,1.00135803223e-05,1562,520,aaa
binary_search,7.15255737305e-06,791,263,random
binary_search,1.00135803223e-05,1582,526,aaa
binary_search,7.86781311035e-06,801,266,random
binary_search,1.00135803223e-05,1602,532,aaa
binary_search,1.69277191162e-05,811,270,random
binary_search,1.12056732178e-05,1622,540,aaa
binary_search,1.09672546387e-05,821,273,random
binary_search,1.59740447998e-05,1642,546,aaa
binary_search,1.09672546387e-05,831,276,random
binary_search,1.31130218506e-05,1662,552,aaa
binary_search,1.12056732178e-05,841,280,random
binary_search,1.4066696167e-05,1682,560,aaa
binary_search,1.00135803223e-05,851,283,random
binary_search,1.19209289551e-05,1702,566,aaa
binary_search,8.10623168945e-06,861,286,random
binary_search,1.4066696167e-05,1722,572,aaa
binary_search,8.10623168945e-06,871,290,random
binary_search,1.09672546387e-05,1742,580,aaa
binary_search,6.91413879395e-06,881,293,random
binary_search,2.19345092773e-05,1762,586,aaa
binary_search,1.09672546387e-05,891,296,random
binary_search,1.50203704834e-05,1782,592,aaa
binary_search,1.09672546387e-05,901,300,random
binary_search,1.19209289551e-05,1802,600,aaa
binary_search,7.86781311035e-06,911,303,random
binary_search,1.59740447998e-05,1822,606,aaa
binary_search,1.28746032715e-05,921,306,random
binary_search,1.69277191162e-05,1842,612,aaa
binary_search,1.09672546387e-05,931,310,random
binary_search,1.62124633789e-05,1862,620,aaa
binary_search,1.00135803223e-05,941,313,random
binary_search,1.31130218506e-05,1882,626,aaa
binary_search,7.86781311035e-06,951,316,random
binary_search,1.50203704834e-05,1902,632,aaa
binary_search,1.09672546387e-05,961,320,random
binary_search,1.19209289551e-05,1922,640,aaa
binary_search,1.78813934326e-05,971,323,random
binary_search,2.28881835938e-05,1942,646,aaa
binary_search,1.19209289551e-05,981,326,random
binary_search,2.09808349609e-05,1962,652,aaa
binary_search,1.09672546387e-05,991,330,random
binary_search,3.50475311279e-05,1982,660,aaa
binary_search,1.00135803223e-05,1001,333,random
binary_search,1.38282775879e-05,2002,666,aaa
binary_search,9.05990600586e-06,1011,336,random
binary_search,1.19209289551e-05,2022,672,aaa
binary_search,7.86781311035e-06,1021,340,random
binary_search,1.09672546387e-05,2042,680,aaa
binary_search,7.15255737305e-06,1031,343,random
binary_search,9.77516174316e-06,2062,686,aaa
binary_search,7.15255737305e-06,1041,346,random
binary_search,1.09672546387e-05,2082,692,aaa
binary_search,7.15255737305e-06,1051,350,random
binary_search,1.09672546387e-05,2102,700,aaa
binary_search,7.86781311035e-06,1061,353,random
binary_search,1.00135803223e-05,2122,706,aaa
binary_search,6.91413879395e-06,1071,356,random
binary_search,1.00135803223e-05,2142,712,aaa
binary_search,7.15255737305e-06,1081,360,random
binary_search,1.00135803223e-05,2162,720,aaa
binary_search,6.91413879395e-06,1091,363,random
binary_search,1.00135803223e-05,2182,726,aaa
binary_search,5.96046447754e-06,1101,366,random
binary_search,9.05990600586e-06,2202,732,aaa
binary_search,7.86781311035e-06,1111,370,random
binary_search,1.19209289551e-05,2222,740,aaa
binary_search,6.91413879395e-06,1121,373,random
binary_search,1.00135803223e-05,2242,746,aaa
binary_search,6.91413879395e-06,1131,376,random
binary_search,8.82148742676e-06,2262,752,aaa
binary_search,6.91413879395e-06,1141,380,random
binary_search,2.50339508057e-05,2282,760,aaa
binary_search,1.19209289551e-05,1151,383,random
binary_search,1.69277191162e-05,2302,766,aaa
binary_search,1.09672546387e-05,1161,386,random
binary_search,1.4066696167e-05,2322,772,aaa
binary_search,8.82148742676e-06,1171,390,random
binary_search,1.31130218506e-05,2342,780,aaa
binary_search,6.91413879395e-06,1181,393,random
binary_search,1.09672546387e-05,2362,786,aaa
binary_search,7.86781311035e-06,1191,396,random
binary_search,1.09672546387e-05,2382,792,aaa
binary_search,8.82148742676e-06,1201,400,random
binary_search,1.09672546387e-05,2402,800,aaa
binary_search,1.78813934326e-05,1211,403,random
binary_search,1.00135803223e-05,2422,806,aaa
binary_search,7.86781311035e-06,1221,406,random
binary_search,1.00135803223e-05,2442,812,aaa
binary_search,7.86781311035e-06,1231,410,random
binary_search,1.00135803223e-05,2462,820,aaa
binary_search,8.10623168945e-06,1241,413,random
binary_search,1.12056732178e-05,2482,826,aaa
binary_search,1.59740447998e-05,1251,416,random
binary_search,1.59740447998e-05,2502,832,aaa
binary_search,9.05990600586e-06,1261,420,random
binary_search,1.31130218506e-05,2522,840,aaa
binary_search,9.05990600586e-06,1271,423,random
binary_search,1.19209289551e-05,2542,846,aaa
binary_search,8.10623168945e-06,1281,426,random
binary_search,1.09672546387e-05,2562,852,aaa
binary_search,8.10623168945e-06,1291,430,random
binary_search,1.19209289551e-05,2582,860,aaa
binary_search,8.10623168945e-06,1301,433,random
binary_search,1.09672546387e-05,2602,866,aaa
binary_search,7.15255737305e-06,1311,436,random
binary_search,1.00135803223e-05,2622,872,aaa
binary_search,8.10623168945e-06,1321,440,random
binary_search,1.09672546387e-05,2642,880,aaa
binary_search,8.10623168945e-06,1331,443,random
binary_search,9.77516174316e-06,2662,886,aaa
binary_search,8.10623168945e-06,1341,446,random
binary_search,1.09672546387e-05,2682,892,aaa
binary_search,6.91413879395e-06,1351,450,random
binary_search,1.09672546387e-05,2702,900,aaa
binary_search,7.86781311035e-06,1361,453,random
binary_search,1.21593475342e-05,2722,906,aaa
binary_search,6.91413879395e-06,1371,456,random
binary_search,1.00135803223e-05,2742,912,aaa
binary_search,7.86781311035e-06,1381,460,random
binary_search,1.09672546387e-05,2762,920,aaa
binary_search,8.10623168945e-06,1391,463,random
binary_search,1.09672546387e-05,2782,926,aaa
binary_search,7.86781311035e-06,1401,466,random
binary_search,1.38282775879e-05,2802,932,aaa
binary_search,8.10623168945e-06,1411,470,random
binary_search,1.09672546387e-05,2822,940,aaa
binary_search,6.91413879395e-06,1421,473,random
binary_search,1.09672546387e-05,2842,946,aaa
binary_search,1.00135803223e-05,1431,476,random
binary_search,1.09672546387e-05,2862,952,aaa
binary_search,1.09672546387e-05,1441,480,random
binary_search,1.09672546387e-05,2882,960,aaa
binary_search,1.09672546387e-05,1451,483,random
binary_search,1.09672546387e-05,2902,966,aaa
binary_search,9.05990600586e-06,1461,486,random
binary_search,1.00135803223e-05,2922,972,aaa
binary_search,1.00135803223e-05,1471,490,random
binary_search,1.00135803223e-05,2942,980,aaa
binary_search,8.82148742676e-06,1481,493,random
binary_search,1.09672546387e-05,2962,986,aaa
binary_search,1.28746032715e-05,1491,496,random
binary_search,2.31266021729e-05,2982,992,aaa
binary_search,1.69277191162e-05,1501,500,random
binary_search,1.50203704834e-05,3002,1000,aaa
binary_search,1.19209289551e-05,1511,503,random
binary_search,1.09672546387e-05,3022,1006,aaa
binary_search,1.09672546387e-05,1521,506,random
binary_search,1.28746032715e-05,3042,1012,aaa
binary_search,1.12056732178e-05,1531,510,random
binary_search,1.09672546387e-05,3062,1020,aaa
binary_search,1.90734863281e-05,1541,513,random
binary_search,1.09672546387e-05,3082,1026,aaa
binary_search,1.12056732178e-05,1551,516,random
binary_search,2.40802764893e-05,3102,1032,aaa
binary_search,1.78813934326e-05,1561,520,random
binary_search,1.31130218506e-05,3122,1040,aaa
binary_search,1.4066696167e-05,1571,523,random
binary_search,1.09672546387e-05,3142,1046,aaa
binary_search,1.09672546387e-05,1581,526,random
binary_search,1.62124633789e-05,3162,1052,aaa
binary_search,1.31130218506e-05,1591,530,random
binary_search,1.09672546387e-05,3182,1060,aaa
binary_search,1.21593475342e-05,1601,533,random
binary_search,1.09672546387e-05,3202,1066,aaa
binary_search,1.09672546387e-05,1611,536,random
binary_search,1.81198120117e-05,3222,1072,aaa
binary_search,1.28746032715e-05,1621,540,random
binary_search,1.4066696167e-05,3242,1080,aaa
binary_search,1.19209289551e-05,1631,543,random
binary_search,1.21593475342e-05,3262,1086,aaa
binary_search,1.19209289551e-05,1641,546,random
binary_search,1.50203704834e-05,3282,1092,aaa
binary_search,2.19345092773e-05,1651,550,random
binary_search,1.71661376953e-05,3302,1100,aaa
binary_search,1.09672546387e-05,1661,553,random
binary_search,1.12056732178e-05,3322,1106,aaa
binary_search,1.28746032715e-05,1671,556,random
binary_search,2.00271606445e-05,3342,1112,aaa
binary_search,1.31130218506e-05,1681,560,random
binary_search,1.69277191162e-05,3362,1120,aaa
binary_search,1.09672546387e-05,1691,563,random
binary_search,1.09672546387e-05,3382,1126,aaa
binary_search,1.00135803223e-05,1701,566,random
binary_search,1.4066696167e-05,3402,1132,aaa
binary_search,1.78813934326e-05,1711,570,random
binary_search,1.28746032715e-05,3422,1140,aaa
binary_search,1.09672546387e-05,1721,573,random
binary_search,1.31130218506e-05,3442,1146,aaa
binary_search,1.00135803223e-05,1731,576,random
binary_search,2.09808349609e-05,3462,1152,aaa
binary_search,1.4066696167e-05,1741,580,random
binary_search,1.59740447998e-05,3482,1160,aaa
binary_search,1.19209289551e-05,1751,583,random
binary_search,1.19209289551e-05,3502,1166,aaa
binary_search,1.09672546387e-05,1761,586,random
binary_search,3.71932983398e-05,3522,1172,aaa
binary_search,1.4066696167e-05,1771,590,random
binary_search,1.71661376953e-05,3542,1180,aaa
binary_search,1.4066696167e-05,1781,593,random
binary_search,1.50203704834e-05,3562,1186,aaa
binary_search,1.50203704834e-05,1791,596,random
binary_search,1.59740447998e-05,3582,1192,aaa
binary_search,1.4066696167e-05,1801,600,random
binary_search,1.09672546387e-05,3602,1200,aaa
binary_search,1.09672546387e-05,1811,603,random
binary_search,2.69412994385e-05,3622,1206,aaa
binary_search,1.59740447998e-05,1821,606,random
binary_search,1.28746032715e-05,3642,1212,aaa
binary_search,1.19209289551e-05,1831,610,random
binary_search,1.21593475342e-05,3662,1220,aaa
binary_search,1.09672546387e-05,1841,613,random
binary_search,2.50339508057e-05,3682,1226,aaa
binary_search,1.59740447998e-05,1851,616,random
binary_search,1.31130218506e-05,3702,1232,aaa
binary_search,1.38282775879e-05,1861,620,random
binary_search,1.09672546387e-05,3722,1240,aaa
binary_search,1.19209289551e-05,1871,623,random
binary_search,9.05990600586e-06,3742,1246,aaa
binary_search,1.00135803223e-05,1881,626,random
binary_search,9.05990600586e-06,3762,1252,aaa
binary_search,1.00135803223e-05,1891,630,random
binary_search,1.00135803223e-05,3782,1260,aaa
binary_search,1.00135803223e-05,1901,633,random
binary_search,2.38418579102e-05,3802,1266,aaa
binary_search,1.71661376953e-05,1911,636,random
binary_search,1.31130218506e-05,3822,1272,aaa
binary_search,1.31130218506e-05,1921,640,random
binary_search,2.8133392334e-05,3842,1280,aaa
binary_search,1.4066696167e-05,1931,643,random
binary_search,1.19209289551e-05,3862,1286,aaa
binary_search,1.28746032715e-05,1941,646,random
binary_search,1.00135803223e-05,3882,1292,aaa
binary_search,1.00135803223e-05,1951,650,random
binary_search,1.09672546387e-05,3902,1300,aaa
binary_search,1.09672546387e-05,1961,653,random
binary_search,1.09672546387e-05,3922,1306,aaa
binary_search,1.09672546387e-05,1971,656,random
binary_search,1.50203704834e-05,3942,1312,aaa
binary_search,1.09672546387e-05,1981,660,random
binary_search,1.28746032715e-05,3962,1320,aaa
binary_search,1.09672546387e-05,1991,663,random
binary_search,1.19209289551e-05,3982,1326,aaa
binary_search,1.09672546387e-05,2001,666,random
binary_search,1.09672546387e-05,4002,1332,aaa
binary_search,1.09672546387e-05,2011,670,random
binary_search,1.09672546387e-05,4022,1340,aaa
binary_search,1.09672546387e-05,2021,673,random
binary_search,1.31130218506e-05,4042,1346,aaa
binary_search,1.09672546387e-05,2031,676,random
binary_search,1.59740447998e-05,4062,1352,aaa
binary_search,1.78813934326e-05,2041,680,random
binary_search,1.59740447998e-05,4082,1360,aaa
binary_search,1.4066696167e-05,2051,683,random
binary_search,1.69277191162e-05,4102,1366,aaa
binary_search,1.31130218506e-05,2061,686,random
binary_search,1.31130218506e-05,4122,1372,aaa
binary_search,1.09672546387e-05,2071,690,random
binary_search,1.09672546387e-05,4142,1380,aaa
binary_search,1.09672546387e-05,2081,693,random
binary_search,1.19209289551e-05,4162,1386,aaa
binary_search,1.19209289551e-05,2091,696,random
binary_search,1.09672546387e-05,4182,1392,aaa
binary_search,1.09672546387e-05,2101,700,random
binary_search,1.31130218506e-05,4202,1400,aaa
binary_search,1.09672546387e-05,2111,703,random
binary_search,1.21593475342e-05,4222,1406,aaa
binary_search,1.19209289551e-05,2121,706,random
binary_search,1.21593475342e-05,4242,1412,aaa
binary_search,1.00135803223e-05,2131,710,random
binary_search,1.09672546387e-05,4262,1420,aaa
binary_search,1.00135803223e-05,2141,713,random
binary_search,1.00135803223e-05,4282,1426,aaa
binary_search,1.00135803223e-05,2151,716,random
binary_search,1.00135803223e-05,4302,1432,aaa
binary_search,1.09672546387e-05,2161,720,random
binary_search,1.28746032715e-05,4322,1440,aaa
binary_search,1.09672546387e-05,2171,723,random
binary_search,1.38282775879e-05,4342,1446,aaa
binary_search,1.09672546387e-05,2181,726,random
binary_search,1.09672546387e-05,4362,1452,aaa
binary_search,1.21593475342e-05,2191,730,random
binary_search,1.90734863281e-05,4382,1460,aaa
binary_search,1.69277191162e-05,2201,733,random
binary_search,1.4066696167e-05,4402,1466,aaa
binary_search,1.00135803223e-05,2211,736,random
binary_search,1.09672546387e-05,4422,1472,aaa
binary_search,1.21593475342e-05,2221,740,random
binary_search,1.4066696167e-05,4442,1480,aaa
binary_search,1.09672546387e-05,2231,743,random
binary_search,1.19209289551e-05,4462,1486,aaa
binary_search,1.19209289551e-05,2241,746,random
binary_search,1.31130218506e-05,4482,1492,aaa
binary_search,1.19209289551e-05,2251,750,random
binary_search,1.28746032715e-05,4502,1500,aaa
binary_search,1.00135803223e-05,2261,753,random
binary_search,1.00135803223e-05,4522,1506,aaa
binary_search,1.09672546387e-05,2271,756,random
binary_search,1.09672546387e-05,4542,1512,aaa
binary_search,1.19209289551e-05,2281,760,random
binary_search,1.09672546387e-05,4562,1520,aaa
binary_search,1.09672546387e-05,2291,763,random
binary_search,1.21593475342e-05,4582,1526,aaa
binary_search,1.19209289551e-05,2301,766,random
binary_search,1.09672546387e-05,4602,1532,aaa
binary_search,1.09672546387e-05,2311,770,random
binary_search,1.21593475342e-05,4622,1540,aaa
binary_search,1.09672546387e-05,2321,773,random
binary_search,1.09672546387e-05,4642,1546,aaa
binary_search,1.19209289551e-05,2331,776,random
binary_search,1.19209289551e-05,4662,1552,aaa
binary_search,1.09672546387e-05,2341,780,random
binary_search,1.09672546387e-05,4682,1560,aaa
binary_search,1.00135803223e-05,2351,783,random
binary_search,1.09672546387e-05,4702,1566,aaa
binary_search,1.09672546387e-05,2361,786,random
binary_search,1.09672546387e-05,4722,1572,aaa
binary_search,1.09672546387e-05,2371,790,random
binary_search,1.19209289551e-05,4742,1580,aaa
binary_search,1.00135803223e-05,2381,793,random
binary_search,1.09672546387e-05,4762,1586,aaa
binary_search,1.09672546387e-05,2391,796,random
binary_search,1.21593475342e-05,4782,1592,aaa
binary_search,1.09672546387e-05,2401,800,random
binary_search,1.09672546387e-05,4802,1600,aaa
binary_search,1.21593475342e-05,2411,803,random
binary_search,1.12056732178e-05,4822,1606,aaa
binary_search,1.19209289551e-05,2421,806,random
binary_search,1.19209289551e-05,4842,1612,aaa
binary_search,1.09672546387e-05,2431,810,random
binary_search,1.00135803223e-05,4862,1620,aaa
binary_search,9.05990600586e-06,2441,813,random
binary_search,9.05990600586e-06,4882,1626,aaa
binary_search,1.19209289551e-05,2451,816,random
binary_search,1.19209289551e-05,4902,1632,aaa
binary_search,1.19209289551e-05,2461,820,random
binary_search,1.19209289551e-05,4922,1640,aaa
binary_search,1.00135803223e-05,2471,823,random
binary_search,1.09672546387e-05,4942,1646,aaa
binary_search,1.09672546387e-05,2481,826,random
binary_search,1.09672546387e-05,4962,1652,aaa
binary_search,1.19209289551e-05,2491,830,random
binary_search,1.09672546387e-05,4982,1660,aaa
binary_search,1.09672546387e-05,2501,833,random
binary_search,1.12056732178e-05,5002,1666,aaa
binary_search,1.19209289551e-05,2511,836,random
binary_search,1.19209289551e-05,5022,1672,aaa
binary_search,1.21593475342e-05,2521,840,random
binary_search,1.09672546387e-05,5042,1680,aaa
binary_search,1.97887420654e-05,2531,843,random
binary_search,1.50203704834e-05,5062,1686,aaa
binary_search,1.31130218506e-05,2541,846,random
binary_search,2.38418579102e-05,5082,1692,aaa
binary_search,1.59740447998e-05,2551,850,random
binary_search,1.28746032715e-05,5102,1700,aaa
binary_search,1.28746032715e-05,2561,853,random
binary_search,3.09944152832e-05,5122,1706,aaa
binary_search,1.71661376953e-05,2571,856,random
binary_search,2.09808349609e-05,5142,1712,aaa
binary_search,1.59740447998e-05,2581,860,random
binary_search,2.19345092773e-05,5162,1720,aaa
binary_search,1.19209289551e-05,2591,863,random
binary_search,1.12056732178e-05,5182,1726,aaa
binary_search,1.00135803223e-05,2601,866,random
binary_search,1.09672546387e-05,5202,1732,aaa
binary_search,1.19209289551e-05,2611,870,random
binary_search,1.19209289551e-05,5222,1740,aaa
binary_search,1.19209289551e-05,2621,873,random
binary_search,1.4066696167e-05,5242,1746,aaa
binary_search,1.09672546387e-05,2631,876,random
binary_search,1.09672546387e-05,5262,1752,aaa
binary_search,1.21593475342e-05,2641,880,random
binary_search,1.19209289551e-05,5282,1760,aaa
binary_search,1.19209289551e-05,2651,883,random
binary_search,1.28746032715e-05,5302,1766,aaa
binary_search,1.09672546387e-05,2661,886,random
binary_search,1.19209289551e-05,5322,1772,aaa
binary_search,1.09672546387e-05,2671,890,random
binary_search,1.19209289551e-05,5342,1780,aaa
binary_search,1.09672546387e-05,2681,893,random
binary_search,1.09672546387e-05,5362,1786,aaa
binary_search,1.21593475342e-05,2691,896,random
binary_search,1.31130218506e-05,5382,1792,aaa
binary_search,1.21593475342e-05,2701,900,random
binary_search,1.09672546387e-05,5402,1800,aaa
binary_search,1.09672546387e-05,2711,903,random
binary_search,1.19209289551e-05,5422,1806,aaa
binary_search,1.21593475342e-05,2721,906,random
binary_search,2.19345092773e-05,5442,1812,aaa
binary_search,1.59740447998e-05,2731,910,random
binary_search,1.28746032715e-05,5462,1820,aaa
binary_search,2.40802764893e-05,2741,913,random
binary_search,2.40802764893e-05,5482,1826,aaa
binary_search,2.38418579102e-05,2751,916,random
binary_search,2.8133392334e-05,5502,1832,aaa
binary_search,2.28881835938e-05,2761,920,random
binary_search,1.38282775879e-05,5522,1840,aaa
binary_search,2.28881835938e-05,2771,923,random
binary_search,1.38282775879e-05,5542,1846,aaa
binary_search,1.50203704834e-05,2781,926,random
binary_search,2.19345092773e-05,5562,1852,aaa
binary_search,3.00407409668e-05,2791,930,random
binary_search,1.59740447998e-05,5582,1860,aaa
binary_search,1.31130218506e-05,2801,933,random
binary_search,1.71661376953e-05,5602,1866,aaa
binary_search,1.19209289551e-05,2811,936,random
binary_search,1.78813934326e-05,5622,1872,aaa
binary_search,1.31130218506e-05,2821,940,random
binary_search,2.19345092773e-05,5642,1880,aaa
binary_search,3.00407409668e-05,2831,943,random
binary_search,1.31130218506e-05,5662,1886,aaa
binary_search,2.47955322266e-05,2841,946,random
binary_search,1.50203704834e-05,5682,1892,aaa
binary_search,2.40802764893e-05,2851,950,random
binary_search,1.59740447998e-05,5702,1900,aaa
binary_search,4.19616699219e-05,2861,953,random
binary_search,1.50203704834e-05,5722,1906,aaa
binary_search,4.38690185547e-05,2871,956,random
binary_search,1.31130218506e-05,5742,1912,aaa
binary_search,1.28746032715e-05,2881,960,random
binary_search,1.50203704834e-05,5762,1920,aaa
binary_search,1.12056732178e-05,2891,963,random
binary_search,2.00271606445e-05,5782,1926,aaa
binary_search,1.38282775879e-05,2901,966,random
binary_search,1.8835067749e-05,5802,1932,aaa
binary_search,1.4066696167e-05,2911,970,random
binary_search,3.19480895996e-05,5822,1940,aaa
binary_search,1.31130218506e-05,2921,973,random
binary_search,2.19345092773e-05,5842,1946,aaa
binary_search,1.59740447998e-05,2931,976,random
binary_search,1.59740447998e-05,5862,1952,aaa
binary_search,1.50203704834e-05,2941,980,random
binary_search,1.28746032715e-05,5882,1960,aaa
binary_search,1.28746032715e-05,2951,983,random
binary_search,1.69277191162e-05,5902,1966,aaa
binary_search,1.19209289551e-05,2961,986,random
binary_search,1.28746032715e-05,5922,1972,aaa
binary_search,1.19209289551e-05,2971,990,random
binary_search,1.21593475342e-05,5942,1980,aaa
binary_search,1.09672546387e-05,2981,993,random
binary_search,1.21593475342e-05,5962,1986,aaa
binary_search,9.05990600586e-06,2991,996,random
binary_search,1.09672546387e-05,5982,1992,aaa
binary_search,2.28881835938e-05,3001,1000,random
binary_search,1.19209289551e-05,6002,2000,aaa
binary_search,1.19209289551e-05,3011,1003,random
binary_search,1.4066696167e-05,6022,2006,aaa
binary_search,1.12056732178e-05,3021,1006,random
binary_search,1.31130218506e-05,6042,2012,aaa
binary_search,1.28746032715e-05,3031,1010,random
binary_search,1.28746032715e-05,6062,2020,aaa
binary_search,1.38282775879e-05,3041,1013,random
binary_search,1.69277191162e-05,6082,2026,aaa
binary_search,1.28746032715e-05,3051,1016,random
binary_search,1.19209289551e-05,6102,2032,aaa
binary_search,1.19209289551e-05,3061,1020,random
binary_search,1.21593475342e-05,6122,2040,aaa
binary_search,1.19209289551e-05,3071,1023,random
binary_search,1.19209289551e-05,6142,2046,aaa
binary_search,1.00135803223e-05,3081,1026,random
binary_search,1.21593475342e-05,6162,2052,aaa
binary_search,1.19209289551e-05,3091,1030,random
binary_search,1.28746032715e-05,6182,2060,aaa
binary_search,1.19209289551e-05,3101,1033,random
binary_search,1.09672546387e-05,6202,2066,aaa
binary_search,1.19209289551e-05,3111,1036,random
binary_search,1.28746032715e-05,6222,2072,aaa
binary_search,1.19209289551e-05,3121,1040,random
binary_search,1.21593475342e-05,6242,2080,aaa
binary_search,1.19209289551e-05,3131,1043,random
binary_search,1.31130218506e-05,6262,2086,aaa
binary_search,2.00271606445e-05,3141,1046,random
binary_search,1.71661376953e-05,6282,2092,aaa
binary_search,1.81198120117e-05,3151,1050,random
binary_search,1.28746032715e-05,6302,2100,aaa
binary_search,1.12056732178e-05,3161,1053,random
binary_search,1.38282775879e-05,6322,2106,aaa
binary_search,1.19209289551e-05,3171,1056,random
binary_search,1.4066696167e-05,6342,2112,aaa
binary_search,1.31130218506e-05,3181,1060,random
binary_search,1.31130218506e-05,6362,2120,aaa
binary_search,1.21593475342e-05,3191,1063,random
binary_search,1.31130218506e-05,6382,2126,aaa
binary_search,1.00135803223e-05,3201,1066,random
binary_search,1.00135803223e-05,6402,2132,aaa
binary_search,1.21593475342e-05,3211,1070,random
binary_search,1.31130218506e-05,6422,2140,aaa
binary_search,1.21593475342e-05,3221,1073,random
binary_search,1.28746032715e-05,6442,2146,aaa
binary_search,1.19209289551e-05,3231,1076,random
binary_search,1.31130218506e-05,6462,2152,aaa
binary_search,1.09672546387e-05,3241,1080,random
binary_search,1.19209289551e-05,6482,2160,aaa
binary_search,1.19209289551e-05,3251,1083,random
binary_search,1.19209289551e-05,6502,2166,aaa
binary_search,1.09672546387e-05,3261,1086,random
binary_search,1.31130218506e-05,6522,2172,aaa
binary_search,1.19209289551e-05,3271,1090,random
binary_search,1.31130218506e-05,6542,2180,aaa
binary_search,1.09672546387e-05,3281,1093,random
binary_search,1.4066696167e-05,6562,2186,aaa
binary_search,1.09672546387e-05,3291,1096,random
binary_search,1.19209289551e-05,6582,2192,aaa
binary_search,1.00135803223e-05,3301,1100,random
binary_search,1.09672546387e-05,6602,2200,aaa
binary_search,1.19209289551e-05,3311,1103,random
binary_search,1.38282775879e-05,6622,2206,aaa
binary_search,1.19209289551e-05,3321,1106,random
binary_search,2.50339508057e-05,6642,2212,aaa
binary_search,1.50203704834e-05,3331,1110,random
binary_search,1.38282775879e-05,6662,2220,aaa
binary_search,1.59740447998e-05,3341,1113,random
binary_search,2.09808349609e-05,6682,2226,aaa
binary_search,1.31130218506e-05,3351,1116,random
binary_search,1.81198120117e-05,6702,2232,aaa
binary_search,1.50203704834e-05,3361,1120,random
binary_search,1.4066696167e-05,6722,2240,aaa
binary_search,1.21593475342e-05,3371,1123,random
binary_search,1.31130218506e-05,6742,2246,aaa
binary_search,1.31130218506e-05,3381,1126,random
binary_search,1.4066696167e-05,6762,2252,aaa
binary_search,1.09672546387e-05,3391,1130,random
binary_search,1.8835067749e-05,6782,2260,aaa
binary_search,1.19209289551e-05,3401,1133,random
binary_search,1.31130218506e-05,6802,2266,aaa
binary_search,1.12056732178e-05,3411,1136,random
binary_search,1.28746032715e-05,6822,2272,aaa
binary_search,1.09672546387e-05,3421,1140,random
binary_search,1.21593475342e-05,6842,2280,aaa
binary_search,1.19209289551e-05,3431,1143,random
binary_search,1.28746032715e-05,6862,2286,aaa
binary_search,1.19209289551e-05,3441,1146,random
binary_search,2.40802764893e-05,6882,2292,aaa
binary_search,1.4066696167e-05,3451,1150,random
binary_search,1.59740447998e-05,6902,2300,aaa
binary_search,1.19209289551e-05,3461,1153,random
binary_search,1.28746032715e-05,6922,2306,aaa
binary_search,1.21593475342e-05,3471,1156,random
binary_search,1.19209289551e-05,6942,2312,aaa
binary_search,1.31130218506e-05,3481,1160,random
binary_search,1.38282775879e-05,6962,2320,aaa
binary_search,1.12056732178e-05,3491,1163,random
binary_search,1.28746032715e-05,6982,2326,aaa
binary_search,1.09672546387e-05,3501,1166,random
binary_search,1.19209289551e-05,7002,2332,aaa
binary_search,1.19209289551e-05,3511,1170,random
binary_search,1.31130218506e-05,7022,2340,aaa
binary_search,1.09672546387e-05,3521,1173,random
binary_search,1.19209289551e-05,7042,2346,aaa
binary_search,1.19209289551e-05,3531,1176,random
binary_search,1.31130218506e-05,7062,2352,aaa
binary_search,1.09672546387e-05,3541,1180,random
binary_search,1.19209289551e-05,7082,2360,aaa
binary_search,1.09672546387e-05,3551,1183,random
binary_search,1.28746032715e-05,7102,2366,aaa
binary_search,1.09672546387e-05,3561,1186,random
binary_search,1.28746032715e-05,7122,2372,aaa
binary_search,1.19209289551e-05,3571,1190,random
binary_search,1.28746032715e-05,7142,2380,aaa
binary_search,1.21593475342e-05,3581,1193,random
binary_search,1.4066696167e-05,7162,2386,aaa
binary_search,1.21593475342e-05,3591,1196,random
binary_search,1.28746032715e-05,7182,2392,aaa
binary_search,1.00135803223e-05,3601,1200,random
binary_search,1.19209289551e-05,7202,2400,aaa
binary_search,1.09672546387e-05,3611,1203,random
binary_search,1.4066696167e-05,7222,2406,aaa
binary_search,1.19209289551e-05,3621,1206,random
binary_search,1.90734863281e-05,7242,2412,aaa
binary_search,1.28746032715e-05,3631,1210,random
binary_search,1.50203704834e-05,7262,2420,aaa
binary_search,1.59740447998e-05,3641,1213,random
binary_search,1.8835067749e-05,7282,2426,aaa
binary_search,1.28746032715e-05,3651,1216,random
binary_search,3.38554382324e-05,7302,2432,aaa
binary_search,1.8835067749e-05,3661,1220,random
binary_search,1.4066696167e-05,7322,2440,aaa
binary_search,1.19209289551e-05,3671,1223,random
binary_search,1.31130218506e-05,7342,2446,aaa
binary_search,1.09672546387e-05,3681,1226,random
binary_search,1.19209289551e-05,7362,2452,aaa
binary_search,1.09672546387e-05,3691,1230,random
binary_search,1.09672546387e-05,7382,2460,aaa
binary_search,1.12056732178e-05,3701,1233,random
binary_search,1.71661376953e-05,7402,2466,aaa
binary_search,1.19209289551e-05,3711,1236,random
binary_search,1.4066696167e-05,7422,2472,aaa
binary_search,1.12056732178e-05,3721,1240,random
binary_search,1.28746032715e-05,7442,2480,aaa
binary_search,1.09672546387e-05,3731,1243,random
binary_search,1.28746032715e-05,7462,2486,aaa
binary_search,1.28746032715e-05,3741,1246,random
binary_search,1.28746032715e-05,7482,2492,aaa
binary_search,1.19209289551e-05,3751,1250,random
binary_search,1.50203704834e-05,7502,2500,aaa
binary_search,2.50339508057e-05,3761,1253,random
binary_search,1.00135803223e-05,7522,2506,aaa
binary_search,2.00271606445e-05,3771,1256,random
binary_search,1.19209289551e-05,7542,2512,aaa
binary_search,1.09672546387e-05,3781,1260,random
binary_search,1.19209289551e-05,7562,2520,aaa
binary_search,1.19209289551e-05,3791,1263,random
binary_search,1.28746032715e-05,7582,2526,aaa
binary_search,1.19209289551e-05,3801,1266,random
binary_search,1.31130218506e-05,7602,2532,aaa
binary_search,1.19209289551e-05,3811,1270,random
binary_search,1.31130218506e-05,7622,2540,aaa
binary_search,1.19209289551e-05,3821,1273,random
binary_search,1.19209289551e-05,7642,2546,aaa
binary_search,1.21593475342e-05,3831,1276,random
binary_search,1.19209289551e-05,7662,2552,aaa
binary_search,1.21593475342e-05,3841,1280,random
binary_search,1.28746032715e-05,7682,2560,aaa
binary_search,1.21593475342e-05,3851,1283,random
binary_search,1.31130218506e-05,7702,2566,aaa
binary_search,1.19209289551e-05,3861,1286,random
binary_search,1.38282775879e-05,7722,2572,aaa
binary_search,1.21593475342e-05,3871,1290,random
binary_search,1.31130218506e-05,7742,2580,aaa
binary_search,1.19209289551e-05,3881,1293,random
binary_search,1.31130218506e-05,7762,2586,aaa
binary_search,1.09672546387e-05,3891,1296,random
binary_search,1.28746032715e-05,7782,2592,aaa
binary_search,1.09672546387e-05,3901,1300,random
binary_search,1.28746032715e-05,7802,2600,aaa
binary_search,1.19209289551e-05,3911,1303,random
binary_search,1.19209289551e-05,7822,2606,aaa
binary_search,1.19209289551e-05,3921,1306,random
binary_search,4.29153442383e-05,7842,2612,aaa
binary_search,2.19345092773e-05,3931,1310,random
binary_search,2.09808349609e-05,7862,2620,aaa
binary_search,3.19480895996e-05,3941,1313,random
binary_search,2.69412994385e-05,7882,2626,aaa
binary_search,1.28746032715e-05,3951,1316,random
binary_search,1.28746032715e-05,7902,2632,aaa
binary_search,1.19209289551e-05,3961,1320,random
binary_search,1.50203704834e-05,7922,2640,aaa
binary_search,1.19209289551e-05,3971,1323,random
binary_search,1.31130218506e-05,7942,2646,aaa
binary_search,1.31130218506e-05,3981,1326,random
binary_search,1.4066696167e-05,7962,2652,aaa
binary_search,1.19209289551e-05,3991,1330,random
binary_search,1.62124633789e-05,7982,2660,aaa
binary_search,1.38282775879e-05,4001,1333,random
binary_search,1.28746032715e-05,8002,2666,aaa
binary_search,1.38282775879e-05,4011,1336,random
binary_search,1.4066696167e-05,8022,2672,aaa
binary_search,1.19209289551e-05,4021,1340,random
binary_search,1.4066696167e-05,8042,2680,aaa
binary_search,1.19209289551e-05,4031,1343,random
binary_search,1.28746032715e-05,8062,2686,aaa
binary_search,1.28746032715e-05,4041,1346,random
binary_search,1.31130218506e-05,8082,2692,aaa
binary_search,1.21593475342e-05,4051,1350,random
binary_search,1.31130218506e-05,8102,2700,aaa
binary_search,1.69277191162e-05,4061,1353,random
binary_search,1.38282775879e-05,8122,2706,aaa
binary_search,2.09808349609e-05,4071,1356,random
binary_search,1.4066696167e-05,8142,2712,aaa
binary_search,1.31130218506e-05,4081,1360,random
binary_search,1.4066696167e-05,8162,2720,aaa
binary_search,1.31130218506e-05,4091,1363,random
binary_search,1.4066696167e-05,8182,2726,aaa
binary_search,1.19209289551e-05,4101,1366,random
binary_search,1.50203704834e-05,8202,2732,aaa
binary_search,1.38282775879e-05,4111,1370,random
binary_search,1.50203704834e-05,8222,2740,aaa
binary_search,1.28746032715e-05,4121,1373,random
binary_search,3.38554382324e-05,8242,2746,aaa
binary_search,1.71661376953e-05,4131,1376,random
binary_search,1.62124633789e-05,8262,2752,aaa
binary_search,1.4066696167e-05,4141,1380,random
binary_search,1.50203704834e-05,8282,2760,aaa
binary_search,1.19209289551e-05,4151,1383,random
binary_search,1.8835067749e-05,8302,2766,aaa
binary_search,1.4066696167e-05,4161,1386,random
binary_search,1.50203704834e-05,8322,2772,aaa
binary_search,1.31130218506e-05,4171,1390,random
binary_search,1.81198120117e-05,8342,2780,aaa
binary_search,1.31130218506e-05,4181,1393,random
binary_search,1.50203704834e-05,8362,2786,aaa
binary_search,1.19209289551e-05,4191,1396,random
binary_search,1.19209289551e-05,8382,2792,aaa
binary_search,2.21729278564e-05,4201,1400,random
binary_search,1.59740447998e-05,8402,2800,aaa
binary_search,1.4066696167e-05,4211,1403,random
binary_search,1.4066696167e-05,8422,2806,aaa
binary_search,1.31130218506e-05,4221,1406,random
binary_search,1.4066696167e-05,8442,2812,aaa
binary_search,1.09672546387e-05,4231,1410,random
binary_search,1.4066696167e-05,8462,2820,aaa
binary_search,1.19209289551e-05,4241,1413,random
binary_search,2.09808349609e-05,8482,2826,aaa
binary_search,1.4066696167e-05,4251,1416,random
binary_search,1.50203704834e-05,8502,2832,aaa
binary_search,1.50203704834e-05,4261,1420,random
binary_search,2.121925354e-05,8522,2840,aaa
binary_search,1.59740447998e-05,4271,1423,random
binary_search,1.50203704834e-05,8542,2846,aaa
binary_search,1.50203704834e-05,4281,1426,random
binary_search,1.71661376953e-05,8562,2852,aaa
binary_search,1.59740447998e-05,4291,1430,random
binary_search,1.78813934326e-05,8582,2860,aaa
binary_search,1.28746032715e-05,4301,1433,random
binary_search,1.4066696167e-05,8602,2866,aaa
binary_search,1.19209289551e-05,4311,1436,random
binary_search,1.59740447998e-05,8622,2872,aaa
binary_search,1.19209289551e-05,4321,1440,random
binary_search,1.50203704834e-05,8642,2880,aaa
binary_search,1.28746032715e-05,4331,1443,random
binary_search,1.59740447998e-05,8662,2886,aaa
binary_search,1.4066696167e-05,4341,1446,random
binary_search,1.69277191162e-05,8682,2892,aaa
binary_search,1.31130218506e-05,4351,1450,random
binary_search,1.50203704834e-05,8702,2900,aaa
binary_search,1.31130218506e-05,4361,1453,random
binary_search,5.19752502441e-05,8722,2906,aaa
binary_search,1.78813934326e-05,4371,1456,random
binary_search,2.50339508057e-05,8742,2912,aaa
binary_search,1.47819519043e-05,4381,1460,random
binary_search,1.4066696167e-05,8762,2920,aaa
binary_search,1.50203704834e-05,4391,1463,random
binary_search,1.50203704834e-05,8782,2926,aaa
binary_search,2.19345092773e-05,4401,1466,random
binary_search,2.50339508057e-05,8802,2932,aaa
binary_search,2.31266021729e-05,4411,1470,random
binary_search,1.50203704834e-05,8822,2940,aaa
binary_search,1.4066696167e-05,4421,1473,random
binary_search,1.62124633789e-05,8842,2946,aaa
binary_search,1.50203704834e-05,4431,1476,random
binary_search,1.8835067749e-05,8862,2952,aaa
binary_search,1.19209289551e-05,4441,1480,random
binary_search,1.69277191162e-05,8882,2960,aaa
binary_search,1.31130218506e-05,4451,1483,random
binary_search,1.71661376953e-05,8902,2966,aaa
binary_search,2.19345092773e-05,4461,1486,random
binary_search,1.59740447998e-05,8922,2972,aaa
binary_search,1.28746032715e-05,4471,1490,random
binary_search,1.38282775879e-05,8942,2980,aaa
binary_search,1.50203704834e-05,4481,1493,random
binary_search,1.78813934326e-05,8962,2986,aaa
binary_search,1.31130218506e-05,4491,1496,random
binary_search,2.09808349609e-05,8982,2992,aaa
binary_search,1.4066696167e-05,4501,1500,random
binary_search,1.59740447998e-05,9002,3000,aaa
binary_search,1.71661376953e-05,4511,1503,random
binary_search,1.71661376953e-05,9022,3006,aaa
binary_search,1.50203704834e-05,4521,1506,random
binary_search,1.50203704834e-05,9042,3012,aaa
binary_search,1.59740447998e-05,4531,1510,random
binary_search,1.59740447998e-05,9062,3020,aaa
binary_search,1.62124633789e-05,4541,1513,random
binary_search,3.88622283936e-05,9082,3026,aaa
binary_search,1.59740447998e-05,4551,1516,random
binary_search,2.09808349609e-05,9102,3032,aaa
binary_search,1.78813934326e-05,4561,1520,random
binary_search,1.38282775879e-05,9122,3040,aaa
binary_search,1.4066696167e-05,4571,1523,random
binary_search,1.50203704834e-05,9142,3046,aaa
binary_search,1.28746032715e-05,4581,1526,random
binary_search,1.4066696167e-05,9162,3052,aaa
binary_search,1.4066696167e-05,4591,1530,random
binary_search,1.4066696167e-05,9182,3060,aaa
binary_search,1.38282775879e-05,4601,1533,random
binary_search,1.50203704834e-05,9202,3066,aaa
binary_search,1.28746032715e-05,4611,1536,random
binary_search,1.31130218506e-05,9222,3072,aaa
binary_search,1.4066696167e-05,4621,1540,random
binary_search,1.59740447998e-05,9242,3080,aaa
binary_search,1.38282775879e-05,4631,1543,random
binary_search,1.50203704834e-05,9262,3086,aaa
binary_search,1.4066696167e-05,4641,1546,random
binary_search,1.50203704834e-05,9282,3092,aaa
binary_search,1.4066696167e-05,4651,1550,random
binary_search,1.4066696167e-05,9302,3100,aaa
binary_search,1.28746032715e-05,4661,1553,random
binary_search,1.31130218506e-05,9322,3106,aaa
binary_search,1.21593475342e-05,4671,1556,random
binary_search,1.4066696167e-05,9342,3112,aaa
binary_search,1.4066696167e-05,4681,1560,random
binary_search,1.50203704834e-05,9362,3120,aaa
binary_search,1.31130218506e-05,4691,1563,random
binary_search,1.4066696167e-05,9382,3126,aaa
binary_search,1.09672546387e-05,4701,1566,random
binary_search,1.19209289551e-05,9402,3132,aaa
binary_search,1.19209289551e-05,4711,1570,random
binary_search,1.4066696167e-05,9422,3140,aaa
binary_search,1.19209289551e-05,4721,1573,random
binary_search,1.31130218506e-05,9442,3146,aaa
binary_search,1.00135803223e-05,4731,1576,random
binary_search,1.28746032715e-05,9462,3152,aaa
binary_search,1.78813934326e-05,4741,1580,random
binary_search,1.59740447998e-05,9482,3160,aaa
binary_search,3.981590271e-05,4751,1583,random
binary_search,2.19345092773e-05,9502,3166,aaa
binary_search,1.69277191162e-05,4761,1586,random
binary_search,1.4066696167e-05,9522,3172,aaa
binary_search,1.4066696167e-05,4771,1590,random
binary_search,1.4066696167e-05,9542,3180,aaa
binary_search,1.31130218506e-05,4781,1593,random
binary_search,1.4066696167e-05,9562,3186,aaa
binary_search,1.50203704834e-05,4791,1596,random
binary_search,1.50203704834e-05,9582,3192,aaa
binary_search,1.28746032715e-05,4801,1600,random
binary_search,1.28746032715e-05,9602,3200,aaa
binary_search,1.28746032715e-05,4811,1603,random
binary_search,1.31130218506e-05,9622,3206,aaa
binary_search,1.4066696167e-05,4821,1606,random
binary_search,1.4066696167e-05,9642,3212,aaa
binary_search,1.4066696167e-05,4831,1610,random
binary_search,1.59740447998e-05,9662,3220,aaa
binary_search,1.31130218506e-05,4841,1613,random
binary_search,1.50203704834e-05,9682,3226,aaa
binary_search,1.31130218506e-05,4851,1616,random
binary_search,1.50203704834e-05,9702,3232,aaa
binary_search,1.31130218506e-05,4861,1620,random
binary_search,1.59740447998e-05,9722,3240,aaa
binary_search,1.28746032715e-05,4871,1623,random
binary_search,3.09944152832e-05,9742,3246,aaa
binary_search,1.31130218506e-05,4881,1626,random
binary_search,1.50203704834e-05,9762,3252,aaa
binary_search,1.28746032715e-05,4891,1630,random
binary_search,3.50475311279e-05,9782,3260,aaa
binary_search,1.59740447998e-05,4901,1633,random
binary_search,1.81198120117e-05,9802,3266,aaa
binary_search,2.00271606445e-05,4911,1636,random
binary_search,2.00271606445e-05,9822,3272,aaa
binary_search,2.09808349609e-05,4921,1640,random
binary_search,2.59876251221e-05,9842,3280,aaa
binary_search,1.31130218506e-05,4931,1643,random
binary_search,2.09808349609e-05,9862,3286,aaa
binary_search,2.00271606445e-05,4941,1646,random
binary_search,3.40938568115e-05,9882,3292,aaa
binary_search,1.50203704834e-05,4951,1650,random
binary_search,1.78813934326e-05,9902,3300,aaa
binary_search,1.4066696167e-05,4961,1653,random
binary_search,1.59740447998e-05,9922,3306,aaa
binary_search,1.4066696167e-05,4971,1656,random
binary_search,1.69277191162e-05,9942,3312,aaa
binary_search,3.09944152832e-05,4981,1660,random
binary_search,1.81198120117e-05,9962,3320,aaa
binary_search,2.09808349609e-05,4991,1663,random
binary_search,1.59740447998e-05,9982,3326,aaa
binary_search,1.38282775879e-05,5001,1666,random
binary_search,1.38282775879e-05,10002,3332,aaa
binary_search,1.4066696167e-05,5011,1670,random
binary_search,1.78813934326e-05,10022,3340,aaa
binary_search,1.50203704834e-05,5021,1673,random
binary_search,1.50203704834e-05,10042,3346,aaa
binary_search,1.4066696167e-05,5031,1676,random
binary_search,1.50203704834e-05,10062,3352,aaa
binary_search,1.4066696167e-05,5041,1680,random
binary_search,1.69277191162e-05,10082,3360,aaa
binary_search,1.31130218506e-05,5051,1683,random
binary_search,2.00271606445e-05,10102,3366,aaa
binary_search,2.78949737549e-05,5061,1686,random
binary_search,1.78813934326e-05,10122,3372,aaa
binary_search,3.69548797607e-05,5071,1690,random
binary_search,1.78813934326e-05,10142,3380,aaa
binary_search,1.4066696167e-05,5081,1693,random
binary_search,1.50203704834e-05,10162,3386,aaa
binary_search,1.28746032715e-05,5091,1696,random
binary_search,1.50203704834e-05,10182,3392,aaa
binary_search,1.09672546387e-05,5101,1700,random
binary_search,1.28746032715e-05,10202,3400,aaa
binary_search,1.4066696167e-05,5111,1703,random
binary_search,1.50203704834e-05,10222,3406,aaa
binary_search,1.28746032715e-05,5121,1706,random
binary_search,1.50203704834e-05,10242,3412,aaa
binary_search,1.31130218506e-05,5131,1710,random
binary_search,1.50203704834e-05,10262,3420,aaa
binary_search,1.19209289551e-05,5141,1713,random
binary_search,1.59740447998e-05,10282,3426,aaa
binary_search,1.28746032715e-05,5151,1716,random
binary_search,3.31401824951e-05,10302,3432,aaa
binary_search,1.50203704834e-05,5161,1720,random
binary_search,1.4066696167e-05,10322,3440,aaa
binary_search,1.28746032715e-05,5171,1723,random
binary_search,1.59740447998e-05,10342,3446,aaa
binary_search,1.28746032715e-05,5181,1726,random
binary_search,1.50203704834e-05,10362,3452,aaa
binary_search,1.28746032715e-05,5191,1730,random
binary_search,1.50203704834e-05,10382,3460,aaa
binary_search,1.4066696167e-05,5201,1733,random
binary_search,1.81198120117e-05,10402,3466,aaa
binary_search,1.31130218506e-05,5211,1736,random
binary_search,1.50203704834e-05,10422,3472,aaa
binary_search,1.59740447998e-05,5221,1740,random
binary_search,2.40802764893e-05,10442,3480,aaa
binary_search,1.71661376953e-05,5231,1743,random
binary_search,1.90734863281e-05,10462,3486,aaa
binary_search,1.59740447998e-05,5241,1746,random
binary_search,1.78813934326e-05,10482,3492,aaa
binary_search,2.28881835938e-05,5251,1750,random
binary_search,1.81198120117e-05,10502,3500,aaa
binary_search,1.31130218506e-05,5261,1753,random
binary_search,1.4066696167e-05,10522,3506,aaa
binary_search,1.38282775879e-05,5271,1756,random
binary_search,1.50203704834e-05,10542,3512,aaa
binary_search,1.50203704834e-05,5281,1760,random
binary_search,1.69277191162e-05,10562,3520,aaa
binary_search,1.21593475342e-05,5291,1763,random
binary_search,1.50203704834e-05,10582,3526,aaa
binary_search,1.4066696167e-05,5301,1766,random
binary_search,1.4066696167e-05,10602,3532,aaa
binary_search,1.4066696167e-05,5311,1770,random
binary_search,1.59740447998e-05,10622,3540,aaa
binary_search,1.28746032715e-05,5321,1773,random
binary_search,1.50203704834e-05,10642,3546,aaa
binary_search,1.28746032715e-05,5331,1776,random
binary_search,1.4066696167e-05,10662,3552,aaa
binary_search,1.38282775879e-05,5341,1780,random
binary_search,2.00271606445e-05,10682,3560,aaa
binary_search,2.59876251221e-05,5351,1783,random
binary_search,1.81198120117e-05,10702,3566,aaa
binary_search,2.00271606445e-05,5361,1786,random
binary_search,1.90734863281e-05,10722,3572,aaa
binary_search,2.09808349609e-05,5371,1790,random
binary_search,3.981590271e-05,10742,3580,aaa
binary_search,1.97887420654e-05,5381,1793,random
binary_search,1.50203704834e-05,10762,3586,aaa
binary_search,1.90734863281e-05,5391,1796,random
binary_search,1.71661376953e-05,10782,3592,aaa
binary_search,1.97887420654e-05,5401,1800,random
binary_search,1.59740447998e-05,10802,3600,aaa
binary_search,3.60012054443e-05,5411,1803,random
binary_search,2.09808349609e-05,10822,3606,aaa
binary_search,1.71661376953e-05,5421,1806,random
binary_search,2.09808349609e-05,10842,3612,aaa
binary_search,1.59740447998e-05,5431,1810,random
binary_search,2.09808349609e-05,10862,3620,aaa
binary_search,1.90734863281e-05,5441,1813,random
binary_search,1.8835067749e-05,10882,3626,aaa
binary_search,1.47819519043e-05,5451,1816,random
binary_search,2.78949737549e-05,10902,3632,aaa
binary_search,1.90734863281e-05,5461,1820,random
binary_search,2.88486480713e-05,10922,3640,aaa
binary_search,2.19345092773e-05,5471,1823,random
binary_search,3.69548797607e-05,10942,3646,aaa
binary_search,1.71661376953e-05,5481,1826,random
binary_search,2.09808349609e-05,10962,3652,aaa
binary_search,1.78813934326e-05,5491,1830,random
binary_search,2.19345092773e-05,10982,3660,aaa
binary_search,1.71661376953e-05,5501,1833,random
binary_search,3.91006469727e-05,11002,3666,aaa
binary_search,2.40802764893e-05,5511,1836,random
binary_search,1.90734863281e-05,11022,3672,aaa
binary_search,1.50203704834e-05,5521,1840,random
binary_search,2.69412994385e-05,11042,3680,aaa
binary_search,2.09808349609e-05,5531,1843,random
binary_search,2.31266021729e-05,11062,3686,aaa
binary_search,1.50203704834e-05,5541,1846,random
binary_search,2.50339508057e-05,11082,3692,aaa
binary_search,2.19345092773e-05,5551,1850,random
binary_search,2.50339508057e-05,11102,3700,aaa
binary_search,5.31673431396e-05,5561,1853,random
binary_search,1.69277191162e-05,11122,3706,aaa
binary_search,1.50203704834e-05,5571,1856,random
binary_search,2.78949737549e-05,11142,3712,aaa
binary_search,1.50203704834e-05,5581,1860,random
binary_search,2.19345092773e-05,11162,3720,aaa
binary_search,2.09808349609e-05,5591,1863,random
binary_search,1.90734863281e-05,11182,3726,aaa
binary_search,1.78813934326e-05,5601,1866,random
binary_search,2.40802764893e-05,11202,3732,aaa
binary_search,2.31266021729e-05,5611,1870,random
binary_search,2.09808349609e-05,11222,3740,aaa
binary_search,2.50339508057e-05,5621,1873,random
binary_search,2.69412994385e-05,11242,3746,aaa
binary_search,1.81198120117e-05,5631,1876,random
binary_search,2.31266021729e-05,11262,3752,aaa
binary_search,1.69277191162e-05,5641,1880,random
binary_search,1.78813934326e-05,11282,3760,aaa
binary_search,1.78813934326e-05,5651,1883,random
binary_search,2.69412994385e-05,11302,3766,aaa
binary_search,1.50203704834e-05,5661,1886,random
binary_search,3.50475311279e-05,11322,3772,aaa
binary_search,1.81198120117e-05,5671,1890,random
binary_search,7.10487365723e-05,11342,3780,aaa
binary_search,2.19345092773e-05,5681,1893,random
binary_search,1.81198120117e-05,11362,3786,aaa
binary_search,2.31266021729e-05,5691,1896,random
binary_search,2.88486480713e-05,11382,3792,aaa
binary_search,1.69277191162e-05,5701,1900,random
binary_search,1.71661376953e-05,11402,3800,aaa
binary_search,2.09808349609e-05,5711,1903,random
binary_search,2.28881835938e-05,11422,3806,aaa
binary_search,2.28881835938e-05,5721,1906,random
binary_search,2.88486480713e-05,11442,3812,aaa
binary_search,2.00271606445e-05,5731,1910,random
binary_search,2.40802764893e-05,11462,3820,aaa
binary_search,1.90734863281e-05,5741,1913,random
binary_search,1.8835067749e-05,11482,3826,aaa
binary_search,1.90734863281e-05,5751,1916,random
binary_search,2.31266021729e-05,11502,3832,aaa
binary_search,2.19345092773e-05,5761,1920,random
binary_search,2.50339508057e-05,11522,3840,aaa
binary_search,2.31266021729e-05,5771,1923,random
binary_search,1.69277191162e-05,11542,3846,aaa
binary_search,1.59740447998e-05,5781,1926,random
binary_search,1.90734863281e-05,11562,3852,aaa
binary_search,1.71661376953e-05,5791,1930,random
binary_search,2.09808349609e-05,11582,3860,aaa
binary_search,2.8133392334e-05,5801,1933,random
binary_search,2.47955322266e-05,11602,3866,aaa
binary_search,3.19480895996e-05,5811,1936,random
binary_search,2.28881835938e-05,11622,3872,aaa
binary_search,1.81198120117e-05,5821,1940,random
binary_search,2.09808349609e-05,11642,3880,aaa
binary_search,1.78813934326e-05,5831,1943,random
binary_search,1.90734863281e-05,11662,3886,aaa
binary_search,3.00407409668e-05,5841,1946,random
binary_search,2.38418579102e-05,11682,3892,aaa
binary_search,1.8835067749e-05,5851,1950,random
binary_search,2.59876251221e-05,11702,3900,aaa
binary_search,1.69277191162e-05,5861,1953,random
binary_search,2.09808349609e-05,11722,3906,aaa
binary_search,2.69412994385e-05,5871,1956,random
binary_search,2.31266021729e-05,11742,3912,aaa
binary_search,1.69277191162e-05,5881,1960,random
binary_search,2.00271606445e-05,11762,3920,aaa
binary_search,1.59740447998e-05,5891,1963,random
binary_search,1.8835067749e-05,11782,3926,aaa
binary_search,2.121925354e-05,5901,1966,random
binary_search,1.90734863281e-05,11802,3932,aaa
binary_search,2.28881835938e-05,5911,1970,random
binary_search,2.121925354e-05,11822,3940,aaa
binary_search,2.59876251221e-05,5921,1973,random
binary_search,2.69412994385e-05,11842,3946,aaa
binary_search,1.90734863281e-05,5931,1976,random
binary_search,2.00271606445e-05,11862,3952,aaa
binary_search,1.81198120117e-05,5941,1980,random
binary_search,3.19480895996e-05,11882,3960,aaa
binary_search,2.31266021729e-05,5951,1983,random
binary_search,1.81198120117e-05,11902,3966,aaa
binary_search,1.90734863281e-05,5961,1986,random
binary_search,3.40938568115e-05,11922,3972,aaa
binary_search,2.50339508057e-05,5971,1990,random
binary_search,1.78813934326e-05,11942,3980,aaa
binary_search,2.69412994385e-05,5981,1993,random
binary_search,2.09808349609e-05,11962,3986,aaa
binary_search,2.31266021729e-05,5991,1996,random
binary_search,2.121925354e-05,11982,3992,aaa
binary_search,1.71661376953e-05,6001,2000,random
binary_search,2.00271606445e-05,12002,4000,aaa
binary_search,1.78813934326e-05,6011,2003,random
binary_search,2.19345092773e-05,12022,4006,aaa
binary_search,2.21729278564e-05,6021,2006,random
binary_search,2.90870666504e-05,12042,4012,aaa
binary_search,2.59876251221e-05,6031,2010,random
binary_search,1.90734863281e-05,12062,4020,aaa
binary_search,1.78813934326e-05,6041,2013,random
binary_search,2.90870666504e-05,12082,4026,aaa
binary_search,1.78813934326e-05,6051,2016,random
binary_search,3.09944152832e-05,12102,4032,aaa
binary_search,1.78813934326e-05,6061,2020,random
binary_search,2.19345092773e-05,12122,4040,aaa
binary_search,1.59740447998e-05,6071,2023,random
binary_search,1.69277191162e-05,12142,4046,aaa
binary_search,2.09808349609e-05,6081,2026,random
binary_search,2.28881835938e-05,12162,4052,aaa
binary_search,1.81198120117e-05,6091,2030,random
binary_search,2.09808349609e-05,12182,4060,aaa
binary_search,1.8835067749e-05,6101,2033,random
binary_search,2.00271606445e-05,12202,4066,aaa
binary_search,2.00271606445e-05,6111,2036,random
binary_search,2.00271606445e-05,12222,4072,aaa
binary_search,2.09808349609e-05,6121,2040,random
binary_search,1.97887420654e-05,12242,4080,aaa
binary_search,2.50339508057e-05,6131,2043,random
binary_search,2.31266021729e-05,12262,4086,aaa
binary_search,1.78813934326e-05,6141,2046,random
binary_search,2.09808349609e-05,12282,4092,aaa
binary_search,1.81198120117e-05,6151,2050,random
binary_search,2.62260437012e-05,12302,4100,aaa
binary_search,2.09808349609e-05,6161,2053,random
binary_search,3.69548797607e-05,12322,4106,aaa
binary_search,1.50203704834e-05,6171,2056,random
binary_search,1.90734863281e-05,12342,4112,aaa
binary_search,1.90734863281e-05,6181,2060,random
binary_search,2.09808349609e-05,12362,4120,aaa
binary_search,2.59876251221e-05,6191,2063,random
binary_search,3.981590271e-05,12382,4126,aaa
binary_search,2.09808349609e-05,6201,2066,random
binary_search,2.40802764893e-05,12402,4132,aaa
binary_search,1.90734863281e-05,6211,2070,random
binary_search,2.09808349609e-05,12422,4140,aaa
binary_search,2.00271606445e-05,6221,2073,random
binary_search,2.40802764893e-05,12442,4146,aaa
binary_search,2.40802764893e-05,6231,2076,random
binary_search,3.00407409668e-05,12462,4152,aaa
binary_search,1.90734863281e-05,6241,2080,random
binary_search,2.40802764893e-05,12482,4160,aaa
binary_search,2.50339508057e-05,6251,2083,random
binary_search,2.00271606445e-05,12502,4166,aaa
binary_search,1.90734863281e-05,6261,2086,random
binary_search,1.69277191162e-05,12522,4172,aaa
binary_search,2.09808349609e-05,6271,2090,random
binary_search,1.78813934326e-05,12542,4180,aaa
binary_search,1.69277191162e-05,6281,2093,random
binary_search,2.98023223877e-05,12562,4186,aaa
binary_search,2.00271606445e-05,6291,2096,random
binary_search,2.50339508057e-05,12582,4192,aaa
binary_search,1.97887420654e-05,6301,2100,random
binary_search,3.31401824951e-05,12602,4200,aaa
binary_search,2.59876251221e-05,6311,2103,random
binary_search,2.09808349609e-05,12622,4206,aaa
binary_search,2.31266021729e-05,6321,2106,random
binary_search,2.09808349609e-05,12642,4212,aaa
binary_search,1.81198120117e-05,6331,2110,random
binary_search,2.19345092773e-05,12662,4220,aaa
binary_search,2.31266021729e-05,6341,2113,random
binary_search,2.50339508057e-05,12682,4226,aaa
binary_search,1.69277191162e-05,6351,2116,random
binary_search,2.09808349609e-05,12702,4232,aaa
binary_search,1.69277191162e-05,6361,2120,random
binary_search,2.00271606445e-05,12722,4240,aaa
binary_search,1.8835067749e-05,6371,2123,random
binary_search,3.00407409668e-05,12742,4246,aaa
binary_search,2.90870666504e-05,6381,2126,random
binary_search,2.121925354e-05,12762,4252,aaa
binary_search,3.31401824951e-05,6391,2130,random
binary_search,2.28881835938e-05,12782,4260,aaa
binary_search,3.50475311279e-05,6401,2133,random
binary_search,2.19345092773e-05,12802,4266,aaa
binary_search,1.59740447998e-05,6411,2136,random
binary_search,2.00271606445e-05,12822,4272,aaa
binary_search,2.71797180176e-05,6421,2140,random
binary_search,2.59876251221e-05,12842,4280,aaa
binary_search,2.00271606445e-05,6431,2143,random
binary_search,3.09944152832e-05,12862,4286,aaa
binary_search,1.8835067749e-05,6441,2146,random
binary_search,2.19345092773e-05,12882,4292,aaa
binary_search,2.31266021729e-05,6451,2150,random
binary_search,2.28881835938e-05,12902,4300,aaa
binary_search,2.31266021729e-05,6461,2153,random
binary_search,4.00543212891e-05,12922,4306,aaa
binary_search,1.69277191162e-05,6471,2156,random
binary_search,3.91006469727e-05,12942,4312,aaa
binary_search,1.38282775879e-05,6481,2160,random
binary_search,1.59740447998e-05,12962,4320,aaa
binary_search,1.8835067749e-05,6491,2163,random
binary_search,1.90734863281e-05,12982,4326,aaa
binary_search,1.8835067749e-05,6501,2166,random
binary_search,2.31266021729e-05,13002,4332,aaa
binary_search,1.69277191162e-05,6511,2170,random
binary_search,2.90870666504e-05,13022,4340,aaa
binary_search,1.59740447998e-05,6521,2173,random
binary_search,2.09808349609e-05,13042,4346,aaa
binary_search,2.31266021729e-05,6531,2176,random
binary_search,2.28881835938e-05,13062,4352,aaa
binary_search,2.28881835938e-05,6541,2180,random
binary_search,2.50339508057e-05,13082,4360,aaa
binary_search,1.81198120117e-05,6551,2183,random
binary_search,2.09808349609e-05,13102,4366,aaa
binary_search,1.81198120117e-05,6561,2186,random
binary_search,5.57899475098e-05,13122,4372,aaa
binary_search,1.50203704834e-05,6571,2190,random
binary_search,2.00271606445e-05,13142,4380,aaa
binary_search,1.59740447998e-05,6581,2193,random
binary_search,1.97887420654e-05,13162,4386,aaa
binary_search,1.47819519043e-05,6591,2196,random
binary_search,2.71797180176e-05,13182,4392,aaa
binary_search,1.81198120117e-05,6601,2200,random
binary_search,2.31266021729e-05,13202,4400,aaa
binary_search,2.69412994385e-05,6611,2203,random
binary_search,2.38418579102e-05,13222,4406,aaa
binary_search,2.47955322266e-05,6621,2206,random
binary_search,2.59876251221e-05,13242,4412,aaa
binary_search,2.50339508057e-05,6631,2210,random
binary_search,4.19616699219e-05,13262,4420,aaa
binary_search,1.81198120117e-05,6641,2213,random
binary_search,1.90734863281e-05,13282,4426,aaa
binary_search,1.90734863281e-05,6651,2216,random
binary_search,2.00271606445e-05,13302,4432,aaa
binary_search,2.69412994385e-05,6661,2220,random
binary_search,2.00271606445e-05,13322,4440,aaa
binary_search,1.90734863281e-05,6671,2223,random
binary_search,2.09808349609e-05,13342,4446,aaa
binary_search,1.78813934326e-05,6681,2226,random
binary_search,2.90870666504e-05,13362,4452,aaa
binary_search,1.78813934326e-05,6691,2230,random
binary_search,2.21729278564e-05,13382,4460,aaa
binary_search,1.59740447998e-05,6701,2233,random
binary_search,2.90870666504e-05,13402,4466,aaa
binary_search,2.28881835938e-05,6711,2236,random
binary_search,2.00271606445e-05,13422,4472,aaa
binary_search,3.40938568115e-05,6721,2240,random
binary_search,2.40802764893e-05,13442,4480,aaa
binary_search,2.21729278564e-05,6731,2243,random
binary_search,1.78813934326e-05,13462,4486,aaa
binary_search,2.00271606445e-05,6741,2246,random
binary_search,2.90870666504e-05,13482,4492,aaa
binary_search,1.90734863281e-05,6751,2250,random
binary_search,3.60012054443e-05,13502,4500,aaa
binary_search,2.19345092773e-05,6761,2253,random
binary_search,3.00407409668e-05,13522,4506,aaa
binary_search,3.31401824951e-05,6771,2256,random
binary_search,4.10079956055e-05,13542,4512,aaa
binary_search,2.19345092773e-05,6781,2260,random
binary_search,2.00271606445e-05,13562,4520,aaa
binary_search,2.00271606445e-05,6791,2263,random
binary_search,2.31266021729e-05,13582,4526,aaa
binary_search,2.28881835938e-05,6801,2266,random
binary_search,2.31266021729e-05,13602,4532,aaa
binary_search,2.31266021729e-05,6811,2270,random
binary_search,2.38418579102e-05,13622,4540,aaa
binary_search,3.50475311279e-05,6821,2273,random
binary_search,2.09808349609e-05,13642,4546,aaa
binary_search,1.78813934326e-05,6831,2276,random
binary_search,2.09808349609e-05,13662,4552,aaa
binary_search,3.79085540771e-05,6841,2280,random
binary_search,2.50339508057e-05,13682,4560,aaa
binary_search,2.09808349609e-05,6851,2283,random
binary_search,4.00543212891e-05,13702,4566,aaa
binary_search,2.59876251221e-05,6861,2286,random
binary_search,4.98294830322e-05,13722,4572,aaa
binary_search,1.90734863281e-05,6871,2290,random
binary_search,3.19480895996e-05,13742,4580,aaa
binary_search,2.59876251221e-05,6881,2293,random
binary_search,2.38418579102e-05,13762,4586,aaa
binary_search,4.10079956055e-05,6891,2296,random
binary_search,2.28881835938e-05,13782,4592,aaa
binary_search,1.81198120117e-05,6901,2300,random
binary_search,4.31537628174e-05,13802,4600,aaa
binary_search,1.90734863281e-05,6911,2303,random
binary_search,1.81198120117e-05,13822,4606,aaa
binary_search,1.50203704834e-05,6921,2306,random
binary_search,3.00407409668e-05,13842,4612,aaa
binary_search,2.62260437012e-05,6931,2310,random
binary_search,3.40938568115e-05,13862,4620,aaa
binary_search,2.09808349609e-05,6941,2313,random
binary_search,4.10079956055e-05,13882,4626,aaa
binary_search,2.09808349609e-05,6951,2316,random
binary_search,1.90734863281e-05,13902,4632,aaa
binary_search,1.78813934326e-05,6961,2320,random
binary_search,2.09808349609e-05,13922,4640,aaa
binary_search,1.97887420654e-05,6971,2323,random
binary_search,2.62260437012e-05,13942,4646,aaa
binary_search,1.90734863281e-05,6981,2326,random
binary_search,2.09808349609e-05,13962,4652,aaa
binary_search,1.59740447998e-05,6991,2330,random
binary_search,1.90734863281e-05,13982,4660,aaa
binary_search,1.59740447998e-05,7001,2333,random
binary_search,3.09944152832e-05,14002,4666,aaa
binary_search,1.4066696167e-05,7011,2336,random
binary_search,2.00271606445e-05,14022,4672,aaa
binary_search,2.00271606445e-05,7021,2340,random
binary_search,2.09808349609e-05,14042,4680,aaa
binary_search,1.90734863281e-05,7031,2343,random
binary_search,1.8835067749e-05,14062,4686,aaa
binary_search,2.19345092773e-05,7041,2346,random
binary_search,1.62124633789e-05,14082,4692,aaa
binary_search,1.81198120117e-05,7051,2350,random
binary_search,2.00271606445e-05,14102,4700,aaa
binary_search,1.90734863281e-05,7061,2353,random
binary_search,2.09808349609e-05,14122,4706,aaa
binary_search,1.69277191162e-05,7071,2356,random
binary_search,2.00271606445e-05,14142,4712,aaa
binary_search,1.69277191162e-05,7081,2360,random
binary_search,1.90734863281e-05,14162,4720,aaa
binary_search,1.28746032715e-05,7091,2363,random
binary_search,1.78813934326e-05,14182,4726,aaa
binary_search,1.78813934326e-05,7101,2366,random
binary_search,2.21729278564e-05,14202,4732,aaa
binary_search,2.19345092773e-05,7111,2370,random
binary_search,2.40802764893e-05,14222,4740,aaa
binary_search,2.00271606445e-05,7121,2373,random
binary_search,2.21729278564e-05,14242,4746,aaa
binary_search,1.78813934326e-05,7131,2376,random
binary_search,3.09944152832e-05,14262,4752,aaa
binary_search,1.69277191162e-05,7141,2380,random
binary_search,2.09808349609e-05,14282,4760,aaa
binary_search,3.38554382324e-05,7151,2383,random
binary_search,3.79085540771e-05,14302,4766,aaa
binary_search,1.81198120117e-05,7161,2386,random
binary_search,2.09808349609e-05,14322,4772,aaa
binary_search,1.59740447998e-05,7171,2390,random
binary_search,3.19480895996e-05,14342,4780,aaa
binary_search,1.90734863281e-05,7181,2393,random
binary_search,2.28881835938e-05,14362,4786,aaa
binary_search,1.19209289551e-05,7191,2396,random
binary_search,1.50203704834e-05,14382,4792,aaa
binary_search,1.62124633789e-05,7201,2400,random
binary_search,2.21729278564e-05,14402,4800,aaa
binary_search,1.50203704834e-05,7211,2403,random
binary_search,1.90734863281e-05,14422,4806,aaa
binary_search,1.59740447998e-05,7221,2406,random
binary_search,2.09808349609e-05,14442,4812,aaa
binary_search,1.71661376953e-05,7231,2410,random
binary_search,2.09808349609e-05,14462,4820,aaa
binary_search,1.81198120117e-05,7241,2413,random
binary_search,3.81469726562e-05,14482,4826,aaa
binary_search,3.81469726562e-05,7251,2416,random
binary_search,3.19480895996e-05,14502,4832,aaa
binary_search,2.19345092773e-05,7261,2420,random
binary_search,2.40802764893e-05,14522,4840,aaa
binary_search,2.00271606445e-05,7271,2423,random
binary_search,2.21729278564e-05,14542,4846,aaa
binary_search,2.09808349609e-05,7281,2426,random
binary_search,2.78949737549e-05,14562,4852,aaa
binary_search,2.00271606445e-05,7291,2430,random
binary_search,2.69412994385e-05,14582,4860,aaa
binary_search,4.57763671875e-05,7301,2433,random
binary_search,2.59876251221e-05,14602,4866,aaa
binary_search,1.59740447998e-05,7311,2436,random
binary_search,2.40802764893e-05,14622,4872,aaa
binary_search,1.69277191162e-05,7321,2440,random
binary_search,2.28881835938e-05,14642,4880,aaa
binary_search,3.60012054443e-05,7331,2443,random
binary_search,2.59876251221e-05,14662,4886,aaa
binary_search,2.40802764893e-05,7341,2446,random
binary_search,2.31266021729e-05,14682,4892,aaa
binary_search,3.40938568115e-05,7351,2450,random
binary_search,2.09808349609e-05,14702,4900,aaa
binary_search,1.50203704834e-05,7361,2453,random
binary_search,1.97887420654e-05,14722,4906,aaa
binary_search,1.59740447998e-05,7371,2456,random
binary_search,2.00271606445e-05,14742,4912,aaa
binary_search,1.71661376953e-05,7381,2460,random
binary_search,2.28881835938e-05,14762,4920,aaa
binary_search,3.09944152832e-05,7391,2463,random
binary_search,2.38418579102e-05,14782,4926,aaa
binary_search,1.69277191162e-05,7401,2466,random
binary_search,1.90734863281e-05,14802,4932,aaa
binary_search,1.69277191162e-05,7411,2470,random
binary_search,1.90734863281e-05,14822,4940,aaa
binary_search,1.69277191162e-05,7421,2473,random
binary_search,1.8835067749e-05,14842,4946,aaa
binary_search,1.69277191162e-05,7431,2476,random
binary_search,2.09808349609e-05,14862,4952,aaa
binary_search,1.59740447998e-05,7441,2480,random
binary_search,2.00271606445e-05,14882,4960,aaa
binary_search,1.71661376953e-05,7451,2483,random
binary_search,2.00271606445e-05,14902,4966,aaa
binary_search,1.69277191162e-05,7461,2486,random
binary_search,2.59876251221e-05,14922,4972,aaa
binary_search,1.69277191162e-05,7471,2490,random
binary_search,2.09808349609e-05,14942,4980,aaa
binary_search,1.81198120117e-05,7481,2493,random
binary_search,2.28881835938e-05,14962,4986,aaa
binary_search,3.88622283936e-05,7491,2496,random
binary_search,2.69412994385e-05,14982,4992,aaa
binary_search,2.19345092773e-05,7501,2500,random
binary_search,2.40802764893e-05,15002,5000,aaa
binary_search,2.28881835938e-05,7511,2503,random
binary_search,2.69412994385e-05,15022,5006,aaa
binary_search,2.40802764893e-05,7521,2506,random
binary_search,4.79221343994e-05,15042,5012,aaa
binary_search,1.90734863281e-05,7531,2510,random
binary_search,2.31266021729e-05,15062,5020,aaa
binary_search,2.78949737549e-05,7541,2513,random
binary_search,2.00271606445e-05,15082,5026,aaa
binary_search,2.09808349609e-05,7551,2516,random
binary_search,2.78949737549e-05,15102,5032,aaa
binary_search,2.69412994385e-05,7561,2520,random
binary_search,2.40802764893e-05,15122,5040,aaa
binary_search,2.00271606445e-05,7571,2523,random
binary_search,3.50475311279e-05,15142,5046,aaa
binary_search,2.31266021729e-05,7581,2526,random
binary_search,2.40802764893e-05,15162,5052,aaa
binary_search,1.38282775879e-05,7591,2530,random
binary_search,1.59740447998e-05,15182,5060,aaa
binary_search,2.121925354e-05,7601,2533,random
binary_search,4.29153442383e-05,15202,5066,aaa
binary_search,1.69277191162e-05,7611,2536,random
binary_search,2.09808349609e-05,15222,5072,aaa
binary_search,1.69277191162e-05,7621,2540,random
binary_search,2.69412994385e-05,15242,5080,aaa
binary_search,1.69277191162e-05,7631,2543,random
binary_search,1.8835067749e-05,15262,5086,aaa
binary_search,1.59740447998e-05,7641,2546,random
binary_search,2.00271606445e-05,15282,5092,aaa
binary_search,1.71661376953e-05,7651,2550,random
binary_search,2.00271606445e-05,15302,5100,aaa
binary_search,1.69277191162e-05,7661,2553,random
binary_search,2.31266021729e-05,15322,5106,aaa
binary_search,1.69277191162e-05,7671,2556,random
binary_search,2.00271606445e-05,15342,5112,aaa
binary_search,1.69277191162e-05,7681,2560,random
binary_search,2.40802764893e-05,15362,5120,aaa
binary_search,1.69277191162e-05,7691,2563,random
binary_search,2.31266021729e-05,15382,5126,aaa
binary_search,1.69277191162e-05,7701,2566,random
binary_search,4.10079956055e-05,15402,5132,aaa
binary_search,1.59740447998e-05,7711,2570,random
binary_search,2.19345092773e-05,15422,5140,aaa
binary_search,1.59740447998e-05,7721,2573,random
binary_search,2.121925354e-05,15442,5146,aaa
binary_search,2.50339508057e-05,7731,2576,random
binary_search,2.21729278564e-05,15462,5152,aaa
binary_search,1.78813934326e-05,7741,2580,random
binary_search,2.00271606445e-05,15482,5160,aaa
binary_search,1.81198120117e-05,7751,2583,random
binary_search,2.09808349609e-05,15502,5166,aaa
binary_search,1.78813934326e-05,7761,2586,random
binary_search,1.90734863281e-05,15522,5172,aaa
binary_search,1.59740447998e-05,7771,2590,random
binary_search,3.09944152832e-05,15542,5180,aaa
binary_search,1.59740447998e-05,7781,2593,random
binary_search,2.09808349609e-05,15562,5186,aaa
binary_search,2.69412994385e-05,7791,2596,random
binary_search,2.19345092773e-05,15582,5192,aaa
binary_search,2.50339508057e-05,7801,2600,random
binary_search,2.59876251221e-05,15602,5200,aaa
binary_search,1.8835067749e-05,7811,2603,random
binary_search,2.09808349609e-05,15622,5206,aaa
binary_search,2.09808349609e-05,7821,2606,random
binary_search,2.69412994385e-05,15642,5212,aaa
binary_search,2.40802764893e-05,7831,2610,random
binary_search,3.71932983398e-05,15662,5220,aaa
binary_search,2.78949737549e-05,7841,2613,random
binary_search,2.19345092773e-05,15682,5226,aaa
binary_search,1.78813934326e-05,7851,2616,random
binary_search,2.28881835938e-05,15702,5232,aaa
binary_search,1.8835067749e-05,7861,2620,random
binary_search,2.31266021729e-05,15722,5240,aaa
binary_search,1.69277191162e-05,7871,2623,random
binary_search,2.09808349609e-05,15742,5246,aaa
binary_search,1.71661376953e-05,7881,2626,random
binary_search,2.90870666504e-05,15762,5252,aaa
binary_search,1.81198120117e-05,7891,2630,random
binary_search,3.91006469727e-05,15782,5260,aaa
binary_search,2.00271606445e-05,7901,2633,random
binary_search,2.31266021729e-05,15802,5266,aaa
binary_search,2.31266021729e-05,7911,2636,random
binary_search,2.40802764893e-05,15822,5272,aaa
binary_search,2.19345092773e-05,7921,2640,random
binary_search,2.8133392334e-05,15842,5280,aaa
binary_search,4.00543212891e-05,7931,2643,random
binary_search,2.19345092773e-05,15862,5286,aaa
binary_search,2.121925354e-05,7941,2646,random
binary_search,2.21729278564e-05,15882,5292,aaa
binary_search,1.78813934326e-05,7951,2650,random
binary_search,2.09808349609e-05,15902,5300,aaa
binary_search,1.78813934326e-05,7961,2653,random
binary_search,2.38418579102e-05,15922,5306,aaa
binary_search,1.97887420654e-05,7971,2656,random
binary_search,2.21729278564e-05,15942,5312,aaa
binary_search,2.59876251221e-05,7981,2660,random
binary_search,3.91006469727e-05,15962,5320,aaa
binary_search,3.00407409668e-05,7991,2663,random
binary_search,3.09944152832e-05,15982,5326,aaa
binary_search,3.09944152832e-05,8001,2666,random
binary_search,2.50339508057e-05,16002,5332,aaa
binary_search,2.90870666504e-05,8011,2670,random
binary_search,2.28881835938e-05,16022,5340,aaa
binary_search,2.69412994385e-05,8021,2673,random
binary_search,2.09808349609e-05,16042,5346,aaa
binary_search,2.40802764893e-05,8031,2676,random
binary_search,2.90870666504e-05,16062,5352,aaa
binary_search,5.10215759277e-05,8041,2680,random
binary_search,2.28881835938e-05,16082,5360,aaa
binary_search,3.40938568115e-05,8051,2683,random
binary_search,2.40802764893e-05,16102,5366,aaa
binary_search,1.81198120117e-05,8061,2686,random
binary_search,2.09808349609e-05,16122,5372,aaa
binary_search,2.19345092773e-05,8071,2690,random
binary_search,2.28881835938e-05,16142,5380,aaa
binary_search,3.91006469727e-05,8081,2693,random
binary_search,2.09808349609e-05,16162,5386,aaa
binary_search,1.78813934326e-05,8091,2696,random
binary_search,2.69412994385e-05,16182,5392,aaa
binary_search,2.21729278564e-05,8101,2700,random
binary_search,2.19345092773e-05,16202,5400,aaa
binary_search,2.40802764893e-05,8111,2703,random
binary_search,2.19345092773e-05,16222,5406,aaa
binary_search,4.19616699219e-05,8121,2706,random
binary_search,2.21729278564e-05,16242,5412,aaa
binary_search,1.8835067749e-05,8131,2710,random
binary_search,2.28881835938e-05,16262,5420,aaa
binary_search,2.40802764893e-05,8141,2713,random
binary_search,2.21729278564e-05,16282,5426,aaa
binary_search,2.78949737549e-05,8151,2716,random
binary_search,2.40802764893e-05,16302,5432,aaa
binary_search,2.00271606445e-05,8161,2720,random
binary_search,2.09808349609e-05,16322,5440,aaa
binary_search,1.90734863281e-05,8171,2723,random
binary_search,2.19345092773e-05,16342,5446,aaa
binary_search,2.00271606445e-05,8181,2726,random
binary_search,2.19345092773e-05,16362,5452,aaa
binary_search,1.69277191162e-05,8191,2730,random
binary_search,1.97887420654e-05,16382,5460,aaa
binary_search,2.88486480713e-05,8201,2733,random
binary_search,2.19345092773e-05,16402,5466,aaa
binary_search,1.97887420654e-05,8211,2736,random
binary_search,2.40802764893e-05,16422,5472,aaa
binary_search,3.09944152832e-05,8221,2740,random
binary_search,2.59876251221e-05,16442,5480,aaa
binary_search,1.81198120117e-05,8231,2743,random
binary_search,2.09808349609e-05,16462,5486,aaa
binary_search,2.00271606445e-05,8241,2746,random
binary_search,2.09808349609e-05,16482,5492,aaa
binary_search,2.00271606445e-05,8251,2750,random
binary_search,2.21729278564e-05,16502,5500,aaa
binary_search,1.8835067749e-05,8261,2753,random
binary_search,2.09808349609e-05,16522,5506,aaa
binary_search,1.97887420654e-05,8271,2756,random
binary_search,2.09808349609e-05,16542,5512,aaa
binary_search,1.8835067749e-05,8281,2760,random
binary_search,2.28881835938e-05,16562,5520,aaa
binary_search,2.09808349609e-05,8291,2763,random
binary_search,2.09808349609e-05,16582,5526,aaa
binary_search,2.00271606445e-05,8301,2766,random
binary_search,2.31266021729e-05,16602,5532,aaa
binary_search,2.00271606445e-05,8311,2770,random
binary_search,3.31401824951e-05,16622,5540,aaa
binary_search,1.78813934326e-05,8321,2773,random
binary_search,2.21729278564e-05,16642,5546,aaa
binary_search,1.81198120117e-05,8331,2776,random
binary_search,2.31266021729e-05,16662,5552,aaa
binary_search,1.78813934326e-05,8341,2780,random
binary_search,1.8835067749e-05,16682,5560,aaa
binary_search,1.8835067749e-05,8351,2783,random
binary_search,2.19345092773e-05,16702,5566,aaa
binary_search,3.00407409668e-05,8361,2786,random
binary_search,2.38418579102e-05,16722,5572,aaa
binary_search,1.8835067749e-05,8371,2790,random
binary_search,2.69412994385e-05,16742,5580,aaa
binary_search,1.90734863281e-05,8381,2793,random
binary_search,3.00407409668e-05,16762,5586,aaa
binary_search,2.00271606445e-05,8391,2796,random
binary_search,2.38418579102e-05,16782,5592,aaa
binary_search,2.19345092773e-05,8401,2800,random
binary_search,2.09808349609e-05,16802,5600,aaa
binary_search,2.00271606445e-05,8411,2803,random
binary_search,2.09808349609e-05,16822,5606,aaa
binary_search,2.00271606445e-05,8421,2806,random
binary_search,2.38418579102e-05,16842,5612,aaa
binary_search,1.81198120117e-05,8431,2810,random
binary_search,2.28881835938e-05,16862,5620,aaa
binary_search,1.59740447998e-05,8441,2813,random
binary_search,1.78813934326e-05,16882,5626,aaa
binary_search,2.00271606445e-05,8451,2816,random
binary_search,2.40802764893e-05,16902,5632,aaa
binary_search,1.81198120117e-05,8461,2820,random
binary_search,2.00271606445e-05,16922,5640,aaa
binary_search,1.90734863281e-05,8471,2823,random
binary_search,2.40802764893e-05,16942,5646,aaa
binary_search,2.09808349609e-05,8481,2826,random
binary_search,2.28881835938e-05,16962,5652,aaa
binary_search,2.00271606445e-05,8491,2830,random
binary_search,2.31266021729e-05,16982,5660,aaa
binary_search,1.81198120117e-05,8501,2833,random
binary_search,2.09808349609e-05,17002,5666,aaa
binary_search,1.78813934326e-05,8511,2836,random
binary_search,2.71797180176e-05,17022,5672,aaa
binary_search,2.69412994385e-05,8521,2840,random
binary_search,2.21729278564e-05,17042,5680,aaa
binary_search,2.00271606445e-05,8531,2843,random
binary_search,3.00407409668e-05,17062,5686,aaa
binary_search,1.90734863281e-05,8541,2846,random
binary_search,2.28881835938e-05,17082,5692,aaa
binary_search,1.90734863281e-05,8551,2850,random
binary_search,2.00271606445e-05,17102,5700,aaa
binary_search,1.69277191162e-05,8561,2853,random
binary_search,2.00271606445e-05,17122,5706,aaa
binary_search,1.8835067749e-05,8571,2856,random
binary_search,2.28881835938e-05,17142,5712,aaa
binary_search,1.90734863281e-05,8581,2860,random
binary_search,2.21729278564e-05,17162,5720,aaa
binary_search,2.09808349609e-05,8591,2863,random
binary_search,3.21865081787e-05,17182,5726,aaa
binary_search,2.21729278564e-05,8601,2866,random
binary_search,2.38418579102e-05,17202,5732,aaa
binary_search,1.8835067749e-05,8611,2870,random
binary_search,7.10487365723e-05,17222,5740,aaa
binary_search,2.90870666504e-05,8621,2873,random
binary_search,2.19345092773e-05,17242,5746,aaa
binary_search,2.00271606445e-05,8631,2876,random
binary_search,2.59876251221e-05,17262,5752,aaa
binary_search,1.81198120117e-05,8641,2880,random
binary_search,2.09808349609e-05,17282,5760,aaa
binary_search,1.90734863281e-05,8651,2883,random
binary_search,2.38418579102e-05,17302,5766,aaa
binary_search,1.81198120117e-05,8661,2886,random
binary_search,2.19345092773e-05,17322,5772,aaa
binary_search,1.78813934326e-05,8671,2890,random
binary_search,2.19345092773e-05,17342,5780,aaa
binary_search,3.19480895996e-05,8681,2893,random
binary_search,2.50339508057e-05,17362,5786,aaa
binary_search,1.90734863281e-05,8691,2896,random
binary_search,2.47955322266e-05,17382,5792,aaa
binary_search,1.90734863281e-05,8701,2900,random
binary_search,2.09808349609e-05,17402,5800,aaa
binary_search,2.19345092773e-05,8711,2903,random
binary_search,2.09808349609e-05,17422,5806,aaa
binary_search,2.09808349609e-05,8721,2906,random
binary_search,2.00271606445e-05,17442,5812,aaa
binary_search,2.09808349609e-05,8731,2910,random
binary_search,4.60147857666e-05,17462,5820,aaa
binary_search,2.09808349609e-05,8741,2913,random
binary_search,2.47955322266e-05,17482,5826,aaa
binary_search,2.00271606445e-05,8751,2916,random
binary_search,2.19345092773e-05,17502,5832,aaa
binary_search,1.97887420654e-05,8761,2920,random
binary_search,2.21729278564e-05,17522,5840,aaa
binary_search,1.71661376953e-05,8771,2923,random
binary_search,2.00271606445e-05,17542,5846,aaa
binary_search,2.90870666504e-05,8781,2926,random
binary_search,4.10079956055e-05,17562,5852,aaa
binary_search,2.09808349609e-05,8791,2930,random
binary_search,4.29153442383e-05,17582,5860,aaa
binary_search,1.8835067749e-05,8801,2933,random
binary_search,2.38418579102e-05,17602,5866,aaa
binary_search,1.78813934326e-05,8811,2936,random
binary_search,2.09808349609e-05,17622,5872,aaa
binary_search,2.00271606445e-05,8821,2940,random
binary_search,2.31266021729e-05,17642,5880,aaa
binary_search,2.00271606445e-05,8831,2943,random
binary_search,2.98023223877e-05,17662,5886,aaa
binary_search,1.81198120117e-05,8841,2946,random
binary_search,2.09808349609e-05,17682,5892,aaa
binary_search,1.90734863281e-05,8851,2950,random
binary_search,2.19345092773e-05,17702,5900,aaa
binary_search,2.00271606445e-05,8861,2953,random
binary_search,2.09808349609e-05,17722,5906,aaa
binary_search,2.38418579102e-05,8871,2956,random
binary_search,2.78949737549e-05,17742,5912,aaa
binary_search,2.40802764893e-05,8881,2960,random
binary_search,2.50339508057e-05,17762,5920,aaa
binary_search,2.59876251221e-05,8891,2963,random
binary_search,2.31266021729e-05,17782,5926,aaa
binary_search,2.00271606445e-05,8901,2966,random
binary_search,2.31266021729e-05,17802,5932,aaa
binary_search,1.8835067749e-05,8911,2970,random
binary_search,2.38418579102e-05,17822,5940,aaa
binary_search,1.97887420654e-05,8921,2973,random
binary_search,2.50339508057e-05,17842,5946,aaa
binary_search,2.09808349609e-05,8931,2976,random
binary_search,2.31266021729e-05,17862,5952,aaa
binary_search,2.38418579102e-05,8941,2980,random
binary_search,2.38418579102e-05,17882,5960,aaa
binary_search,1.78813934326e-05,8951,2983,random
binary_search,2.28881835938e-05,17902,5966,aaa
binary_search,1.69277191162e-05,8961,2986,random
binary_search,2.00271606445e-05,17922,5972,aaa
binary_search,1.78813934326e-05,8971,2990,random
binary_search,2.38418579102e-05,17942,5980,aaa
binary_search,1.78813934326e-05,8981,2993,random
binary_search,1.90734863281e-05,17962,5986,aaa
binary_search,2.09808349609e-05,8991,2996,random
binary_search,2.31266021729e-05,17982,5992,aaa
binary_search,2.00271606445e-05,9001,3000,random
binary_search,3.09944152832e-05,18002,6000,aaa
binary_search,2.00271606445e-05,9011,3003,random
binary_search,2.21729278564e-05,18022,6006,aaa
binary_search,1.78813934326e-05,9021,3006,random
binary_search,2.40802764893e-05,18042,6012,aaa
binary_search,2.00271606445e-05,9031,3010,random
binary_search,3.00407409668e-05,18062,6020,aaa
binary_search,4.19616699219e-05,9041,3013,random
binary_search,2.38418579102e-05,18082,6026,aaa
binary_search,1.97887420654e-05,9051,3016,random
binary_search,2.59876251221e-05,18102,6032,aaa
binary_search,3.00407409668e-05,9061,3020,random
binary_search,3.81469726562e-05,18122,6040,aaa
binary_search,2.00271606445e-05,9071,3023,random
binary_search,2.78949737549e-05,18142,6046,aaa
binary_search,3.00407409668e-05,9081,3026,random
binary_search,2.98023223877e-05,18162,6052,aaa
binary_search,3.31401824951e-05,9091,3030,random
binary_search,2.50339508057e-05,18182,6060,aaa
binary_search,2.00271606445e-05,9101,3033,random
binary_search,2.40802764893e-05,18202,6066,aaa
binary_search,4.00543212891e-05,9111,3036,random
binary_search,2.88486480713e-05,18222,6072,aaa
binary_search,2.00271606445e-05,9121,3040,random
binary_search,2.78949737549e-05,18242,6080,aaa
binary_search,2.50339508057e-05,9131,3043,random
binary_search,2.69412994385e-05,18262,6086,aaa
binary_search,2.09808349609e-05,9141,3046,random
binary_search,4.00543212891e-05,18282,6092,aaa
binary_search,3.31401824951e-05,9151,3050,random
binary_search,2.40802764893e-05,18302,6100,aaa
binary_search,2.00271606445e-05,9161,3053,random
binary_search,2.38418579102e-05,18322,6106,aaa
binary_search,1.90734863281e-05,9171,3056,random
binary_search,2.50339508057e-05,18342,6112,aaa
binary_search,2.59876251221e-05,9181,3060,random
binary_search,2.50339508057e-05,18362,6120,aaa
binary_search,2.09808349609e-05,9191,3063,random
binary_search,2.47955322266e-05,18382,6126,aaa
binary_search,1.90734863281e-05,9201,3066,random
binary_search,2.28881835938e-05,18402,6132,aaa
binary_search,2.21729278564e-05,9211,3070,random
binary_search,2.40802764893e-05,18422,6140,aaa
binary_search,1.90734863281e-05,9221,3073,random
binary_search,2.31266021729e-05,18442,6146,aaa
binary_search,2.09808349609e-05,9231,3076,random
binary_search,2.50339508057e-05,18462,6152,aaa
binary_search,4.6968460083e-05,9241,3080,random
binary_search,4.2200088501e-05,18482,6160,aaa
binary_search,2.19345092773e-05,9251,3083,random
binary_search,4.19616699219e-05,18502,6166,aaa
binary_search,1.90734863281e-05,9261,3086,random
binary_search,2.40802764893e-05,18522,6172,aaa
binary_search,3.31401824951e-05,9271,3090,random
binary_search,3.69548797607e-05,18542,6180,aaa
binary_search,3.09944152832e-05,9281,3093,random
binary_search,2.69412994385e-05,18562,6186,aaa
binary_search,3.00407409668e-05,9291,3096,random
binary_search,2.59876251221e-05,18582,6192,aaa
binary_search,2.121925354e-05,9301,3100,random
binary_search,2.47955322266e-05,18602,6200,aaa
binary_search,2.69412994385e-05,9311,3103,random
binary_search,2.50339508057e-05,18622,6206,aaa
binary_search,2.00271606445e-05,9321,3106,random
binary_search,2.21729278564e-05,18642,6212,aaa
binary_search,2.00271606445e-05,9331,3110,random
binary_search,2.28881835938e-05,18662,6220,aaa
binary_search,2.00271606445e-05,9341,3113,random
binary_search,2.19345092773e-05,18682,6226,aaa
binary_search,1.8835067749e-05,9351,3116,random
binary_search,2.69412994385e-05,18702,6232,aaa
binary_search,1.78813934326e-05,9361,3120,random
binary_search,2.28881835938e-05,18722,6240,aaa
binary_search,2.98023223877e-05,9371,3123,random
binary_search,2.47955322266e-05,18742,6246,aaa
binary_search,1.8835067749e-05,9381,3126,random
binary_search,2.28881835938e-05,18762,6252,aaa
binary_search,2.09808349609e-05,9391,3130,random
binary_search,2.40802764893e-05,18782,6260,aaa
binary_search,2.21729278564e-05,9401,3133,random
binary_search,2.47955322266e-05,18802,6266,aaa
binary_search,2.09808349609e-05,9411,3136,random
binary_search,2.31266021729e-05,18822,6272,aaa
binary_search,2.00271606445e-05,9421,3140,random
binary_search,2.40802764893e-05,18842,6280,aaa
binary_search,2.00271606445e-05,9431,3143,random
binary_search,2.59876251221e-05,18862,6286,aaa
binary_search,2.00271606445e-05,9441,3146,random
binary_search,2.40802764893e-05,18882,6292,aaa
binary_search,2.09808349609e-05,9451,3150,random
binary_search,2.38418579102e-05,18902,6300,aaa
binary_search,2.00271606445e-05,9461,3153,random
binary_search,2.38418579102e-05,18922,6306,aaa
binary_search,2.98023223877e-05,9471,3156,random
binary_search,2.69412994385e-05,18942,6312,aaa
binary_search,1.90734863281e-05,9481,3160,random
binary_search,2.50339508057e-05,18962,6320,aaa
binary_search,2.00271606445e-05,9491,3163,random
binary_search,2.50339508057e-05,18982,6326,aaa
binary_search,2.00271606445e-05,9501,3166,random
binary_search,2.19345092773e-05,19002,6332,aaa
binary_search,2.19345092773e-05,9511,3170,random
binary_search,2.50339508057e-05,19022,6340,aaa
binary_search,2.09808349609e-05,9521,3173,random
binary_search,2.50339508057e-05,19042,6346,aaa
binary_search,2.00271606445e-05,9531,3176,random
binary_search,2.09808349609e-05,19062,6352,aaa
binary_search,2.90870666504e-05,9541,3180,random
binary_search,3.00407409668e-05,19082,6360,aaa
binary_search,2.28881835938e-05,9551,3183,random
binary_search,2.59876251221e-05,19102,6366,aaa
binary_search,2.00271606445e-05,9561,3186,random
binary_search,3.31401824951e-05,19122,6372,aaa
binary_search,2.09808349609e-05,9571,3190,random
binary_search,2.38418579102e-05,19142,6380,aaa
binary_search,1.8835067749e-05,9581,3193,random
binary_search,2.38418579102e-05,19162,6386,aaa
binary_search,2.00271606445e-05,9591,3196,random
binary_search,2.38418579102e-05,19182,6392,aaa
binary_search,1.8835067749e-05,9601,3200,random
binary_search,2.40802764893e-05,19202,6400,aaa
binary_search,2.00271606445e-05,9611,3203,random
binary_search,2.38418579102e-05,19222,6406,aaa
binary_search,1.90734863281e-05,9621,3206,random
binary_search,2.19345092773e-05,19242,6412,aaa
binary_search,2.00271606445e-05,9631,3210,random
binary_search,2.40802764893e-05,19262,6420,aaa
binary_search,2.09808349609e-05,9641,3213,random
binary_search,2.47955322266e-05,19282,6426,aaa
binary_search,2.09808349609e-05,9651,3216,random
binary_search,2.40802764893e-05,19302,6432,aaa
binary_search,2.00271606445e-05,9661,3220,random
binary_search,3.00407409668e-05,19322,6440,aaa
binary_search,2.00271606445e-05,9671,3223,random
binary_search,2.28881835938e-05,19342,6446,aaa
binary_search,1.90734863281e-05,9681,3226,random
binary_search,2.78949737549e-05,19362,6452,aaa
binary_search,2.00271606445e-05,9691,3230,random
binary_search,2.50339508057e-05,19382,6460,aaa
binary_search,3.60012054443e-05,9701,3233,random
binary_search,2.28881835938e-05,19402,6466,aaa
binary_search,2.19345092773e-05,9711,3236,random
binary_search,2.50339508057e-05,19422,6472,aaa
binary_search,2.00271606445e-05,9721,3240,random
binary_search,3.19480895996e-05,19442,6480,aaa
binary_search,2.59876251221e-05,9731,3243,random
binary_search,2.40802764893e-05,19462,6486,aaa
binary_search,2.09808349609e-05,9741,3246,random
binary_search,2.47955322266e-05,19482,6492,aaa
binary_search,2.09808349609e-05,9751,3250,random
binary_search,2.40802764893e-05,19502,6500,aaa
binary_search,2.00271606445e-05,9761,3253,random
binary_search,2.31266021729e-05,19522,6506,aaa
binary_search,2.00271606445e-05,9771,3256,random
binary_search,2.28881835938e-05,19542,6512,aaa
binary_search,2.50339508057e-05,9781,3260,random
binary_search,4.19616699219e-05,19562,6520,aaa
binary_search,3.09944152832e-05,9791,3263,random
binary_search,2.50339508057e-05,19582,6526,aaa
binary_search,2.09808349609e-05,9801,3266,random
binary_search,2.50339508057e-05,19602,6532,aaa
binary_search,2.19345092773e-05,9811,3270,random
binary_search,2.40802764893e-05,19622,6540,aaa
binary_search,2.00271606445e-05,9821,3273,random
binary_search,2.09808349609e-05,19642,6546,aaa
binary_search,2.00271606445e-05,9831,3276,random
binary_search,5.48362731934e-05,19662,6552,aaa
binary_search,2.98023223877e-05,9841,3280,random
binary_search,2.40802764893e-05,19682,6560,aaa
binary_search,3.88622283936e-05,9851,3283,random
binary_search,2.69412994385e-05,19702,6566,aaa
binary_search,3.19480895996e-05,9861,3286,random
binary_search,2.28881835938e-05,19722,6572,aaa
binary_search,2.00271606445e-05,9871,3290,random
binary_search,5.48362731934e-05,19742,6580,aaa
binary_search,2.19345092773e-05,9881,3293,random
binary_search,2.59876251221e-05,19762,6586,aaa
binary_search,2.28881835938e-05,9891,3296,random
binary_search,2.50339508057e-05,19782,6592,aaa
binary_search,2.21729278564e-05,9901,3300,random
binary_search,2.47955322266e-05,19802,6600,aaa
binary_search,2.00271606445e-05,9911,3303,random
binary_search,4.2200088501e-05,19822,6606,aaa
binary_search,3.2901763916e-05,9921,3306,random
binary_search,4.60147857666e-05,19842,6612,aaa
binary_search,1.81198120117e-05,9931,3310,random
binary_search,3.38554382324e-05,19862,6620,aaa
binary_search,2.09808349609e-05,9941,3313,random
binary_search,2.50339508057e-05,19882,6626,aaa
binary_search,2.19345092773e-05,9951,3316,random
binary_search,2.69412994385e-05,19902,6632,aaa
binary_search,3.00407409668e-05,9961,3320,random
binary_search,3.31401824951e-05,19922,6640,aaa
binary_search,2.21729278564e-05,9971,3323,random
binary_search,3.19480895996e-05,19942,6646,aaa
binary_search,2.59876251221e-05,9981,3326,random
binary_search,5.48362731934e-05,19962,6652,aaa
binary_search,2.31266021729e-05,9991,3330,random
binary_search,2.88486480713e-05,19982,6660,aaa
