Algorithm,time,n,m,scenario
bwt_search,2.86102294922e-06,13,6,aaa
bwt_search,1.90734863281e-06,10,3,random
bwt_search,9.53674316406e-07,30,9,aaa
bwt_search,1.90734863281e-06,20,6,random
bwt_search,1.90734863281e-06,50,16,aaa
bwt_search,9.53674316406e-07,30,10,random
bwt_search,2.14576721191e-06,70,23,aaa
bwt_search,5.00679016113e-06,40,13,random
bwt_search,3.81469726562e-06,90,29,aaa
bwt_search,5.00679016113e-06,50,16,random
bwt_search,1.90734863281e-06,110,36,aaa
bwt_search,1.90734863281e-06,60,20,random
bwt_search,1.90734863281e-06,130,43,aaa
bwt_search,1.31130218506e-05,70,23,random
bwt_search,9.53674316406e-07,150,49,aaa
bwt_search,9.53674316406e-07,80,26,random
bwt_search,1.90734863281e-06,170,56,aaa
bwt_search,1.90734863281e-06,90,30,random
bwt_search,9.53674316406e-07,190,63,aaa
bwt_search,9.53674316406e-07,100,33,random
bwt_search,3.09944152832e-06,210,69,aaa
bwt_search,3.09944152832e-06,110,36,random
bwt_search,2.14576721191e-06,230,76,aaa
bwt_search,2.14576721191e-06,120,40,random
bwt_search,4.05311584473e-06,250,83,aaa
bwt_search,3.09944152832e-06,130,43,random
bwt_search,3.09944152832e-06,270,89,aaa
bwt_search,2.86102294922e-06,140,46,random
bwt_search,1.90734863281e-06,290,96,aaa
bwt_search,2.14576721191e-06,150,50,random
bwt_search,1.90734863281e-06,310,103,aaa
bwt_search,1.90734863281e-06,160,53,random
bwt_search,1.90734863281e-06,330,109,aaa
bwt_search,5.96046447754e-06,170,56,random
bwt_search,3.81469726562e-06,350,116,aaa
bwt_search,2.38418579102e-05,180,60,random
bwt_search,5.00679016113e-06,370,123,aaa
bwt_search,3.09944152832e-06,190,63,random
bwt_search,1.90734863281e-06,390,129,aaa
bwt_search,1.90734863281e-06,200,66,random
bwt_search,2.14576721191e-06,410,136,aaa
bwt_search,1.90734863281e-06,210,70,random
bwt_search,2.14576721191e-06,430,143,aaa
bwt_search,2.14576721191e-06,220,73,random
bwt_search,2.14576721191e-06,450,149,aaa
bwt_search,1.90734863281e-06,230,76,random
bwt_search,1.90734863281e-06,470,156,aaa
bwt_search,1.90734863281e-06,240,80,random
bwt_search,2.14576721191e-06,490,163,aaa
bwt_search,1.90734863281e-06,250,83,random
bwt_search,6.91413879395e-06,510,169,aaa
bwt_search,6.19888305664e-06,260,86,random
bwt_search,5.00679016113e-06,530,176,aaa
bwt_search,5.00679016113e-06,270,90,random
bwt_search,3.09944152832e-06,550,183,aaa
bwt_search,3.09944152832e-06,280,93,random
bwt_search,2.14576721191e-06,570,189,aaa
bwt_search,3.09944152832e-06,290,96,random
bwt_search,3.09944152832e-06,590,196,aaa
bwt_search,1.90734863281e-06,300,100,random
bwt_search,2.14576721191e-06,610,203,aaa
bwt_search,1.90734863281e-06,310,103,random
bwt_search,1.90734863281e-06,630,209,aaa
bwt_search,2.14576721191e-06,320,106,random
bwt_search,5.00679016113e-06,650,216,aaa
bwt_search,2.86102294922e-06,330,110,random
bwt_search,2.86102294922e-06,670,223,aaa
bwt_search,3.81469726562e-06,340,113,random
bwt_search,4.05311584473e-06,690,229,aaa
bwt_search,3.81469726562e-06,350,116,random
bwt_search,3.09944152832e-06,710,236,aaa
bwt_search,5.96046447754e-06,360,120,random
bwt_search,3.09944152832e-06,730,243,aaa
bwt_search,3.09944152832e-06,370,123,random
bwt_search,3.09944152832e-06,750,249,aaa
bwt_search,4.05311584473e-06,380,126,random
bwt_search,3.09944152832e-06,770,256,aaa
bwt_search,3.09944152832e-06,390,130,random
bwt_search,1.90734863281e-06,790,263,aaa
bwt_search,3.09944152832e-06,400,133,random
bwt_search,2.86102294922e-06,810,269,aaa
bwt_search,3.09944152832e-06,410,136,random
bwt_search,2.14576721191e-06,830,276,aaa
bwt_search,1.90734863281e-06,420,140,random
bwt_search,6.91413879395e-06,850,283,aaa
bwt_search,4.05311584473e-06,430,143,random
bwt_search,4.05311584473e-06,870,289,aaa
bwt_search,2.86102294922e-06,440,146,random
bwt_search,2.86102294922e-06,890,296,aaa
bwt_search,2.86102294922e-06,450,150,random
bwt_search,1.90734863281e-06,910,303,aaa
bwt_search,3.09944152832e-06,460,153,random
bwt_search,2.14576721191e-06,930,309,aaa
bwt_search,6.19888305664e-06,470,156,random
bwt_search,3.81469726562e-06,950,316,aaa
bwt_search,4.05311584473e-06,480,160,random
bwt_search,3.09944152832e-06,970,323,aaa
bwt_search,4.05311584473e-06,490,163,random
bwt_search,3.81469726562e-06,990,329,aaa
bwt_search,2.86102294922e-06,500,166,random
bwt_search,3.09944152832e-06,1010,336,aaa
bwt_search,2.86102294922e-06,510,170,random
bwt_search,5.00679016113e-06,1030,343,aaa
bwt_search,4.05311584473e-06,520,173,random
bwt_search,4.05311584473e-06,1050,349,aaa
bwt_search,2.86102294922e-06,530,176,random
bwt_search,4.05311584473e-06,1070,356,aaa
bwt_search,4.05311584473e-06,540,180,random
bwt_search,2.86102294922e-06,1090,363,aaa
bwt_search,2.86102294922e-06,550,183,random
bwt_search,3.09944152832e-06,1110,369,aaa
bwt_search,3.09944152832e-06,560,186,random
bwt_search,5.00679016113e-06,1130,376,aaa
bwt_search,4.05311584473e-06,570,190,random
bwt_search,4.05311584473e-06,1150,383,aaa
bwt_search,2.86102294922e-06,580,193,random
bwt_search,3.09944152832e-06,1170,389,aaa
bwt_search,3.09944152832e-06,590,196,random
bwt_search,3.09944152832e-06,1190,396,aaa
bwt_search,2.86102294922e-06,600,200,random
bwt_search,1.90734863281e-06,1210,403,aaa
bwt_search,2.86102294922e-06,610,203,random
bwt_search,3.09944152832e-06,1230,409,aaa
bwt_search,2.14576721191e-06,620,206,random
bwt_search,2.86102294922e-06,1250,416,aaa
bwt_search,2.14576721191e-06,630,210,random
bwt_search,4.05311584473e-06,1270,423,aaa
bwt_search,2.86102294922e-06,640,213,random
bwt_search,3.09944152832e-06,1290,429,aaa
bwt_search,3.09944152832e-06,650,216,random
bwt_search,2.14576721191e-06,1310,436,aaa
bwt_search,2.86102294922e-06,660,220,random
bwt_search,3.09944152832e-06,1330,443,aaa
bwt_search,3.09944152832e-06,670,223,random
bwt_search,2.86102294922e-06,1350,449,aaa
bwt_search,3.09944152832e-06,680,226,random
bwt_search,3.09944152832e-06,1370,456,aaa
bwt_search,2.86102294922e-06,690,230,random
bwt_search,1.90734863281e-06,1390,463,aaa
bwt_search,3.09944152832e-06,700,233,random
bwt_search,3.09944152832e-06,1410,469,aaa
bwt_search,2.86102294922e-06,710,236,random
bwt_search,1.90734863281e-06,1430,476,aaa
bwt_search,3.09944152832e-06,720,240,random
bwt_search,2.14576721191e-06,1450,483,aaa
bwt_search,5.96046447754e-06,730,243,random
bwt_search,6.91413879395e-06,1470,489,aaa
bwt_search,3.81469726562e-06,740,246,random
bwt_search,5.00679016113e-06,1490,496,aaa
bwt_search,3.09944152832e-06,750,250,random
bwt_search,3.09944152832e-06,1510,503,aaa
bwt_search,2.86102294922e-06,760,253,random
bwt_search,2.86102294922e-06,1530,509,aaa
bwt_search,1.90734863281e-06,770,256,random
bwt_search,3.09944152832e-06,1550,516,aaa
bwt_search,1.90734863281e-06,780,260,random
bwt_search,2.86102294922e-06,1570,523,aaa
bwt_search,2.14576721191e-06,790,263,random
bwt_search,4.05311584473e-06,1590,529,aaa
bwt_search,2.86102294922e-06,800,266,random
bwt_search,3.09944152832e-06,1610,536,aaa
bwt_search,2.86102294922e-06,810,270,random
bwt_search,6.91413879395e-06,1630,543,aaa
bwt_search,5.00679016113e-06,820,273,random
bwt_search,4.05311584473e-06,1650,549,aaa
bwt_search,4.05311584473e-06,830,276,random
bwt_search,2.86102294922e-06,1670,556,aaa
bwt_search,4.05311584473e-06,840,280,random
bwt_search,6.91413879395e-06,1690,563,aaa
bwt_search,4.05311584473e-06,850,283,random
bwt_search,4.05311584473e-06,1710,569,aaa
bwt_search,5.96046447754e-06,860,286,random
bwt_search,3.81469726562e-06,1730,576,aaa
bwt_search,4.05311584473e-06,870,290,random
bwt_search,4.05311584473e-06,1750,583,aaa
bwt_search,4.05311584473e-06,880,293,random
bwt_search,5.00679016113e-06,1770,589,aaa
bwt_search,9.05990600586e-06,890,296,random
bwt_search,5.00679016113e-06,1790,596,aaa
bwt_search,2.86102294922e-06,900,300,random
bwt_search,3.09944152832e-06,1810,603,aaa
bwt_search,3.09944152832e-06,910,303,random
bwt_search,5.00679016113e-06,1830,609,aaa
bwt_search,4.05311584473e-06,920,306,random
bwt_search,8.10623168945e-06,1850,616,aaa
bwt_search,5.00679016113e-06,930,310,random
bwt_search,3.09944152832e-06,1870,623,aaa
bwt_search,3.09944152832e-06,940,313,random
bwt_search,5.00679016113e-06,1890,629,aaa
bwt_search,4.05311584473e-06,950,316,random
bwt_search,3.09944152832e-06,1910,636,aaa
bwt_search,3.09944152832e-06,960,320,random
bwt_search,2.86102294922e-06,1930,643,aaa
bwt_search,3.09944152832e-06,970,323,random
bwt_search,5.00679016113e-06,1950,649,aaa
bwt_search,4.05311584473e-06,980,326,random
bwt_search,3.09944152832e-06,1970,656,aaa
bwt_search,5.00679016113e-06,990,330,random
bwt_search,4.05311584473e-06,1990,663,aaa
bwt_search,5.00679016113e-06,1000,333,random
bwt_search,3.09944152832e-06,2010,669,aaa
bwt_search,2.86102294922e-06,1010,336,random
bwt_search,6.91413879395e-06,2030,676,aaa
bwt_search,5.00679016113e-06,1020,340,random
bwt_search,4.05311584473e-06,2050,683,aaa
bwt_search,3.81469726562e-06,1030,343,random
bwt_search,4.05311584473e-06,2070,689,aaa
bwt_search,2.86102294922e-06,1040,346,random
bwt_search,4.05311584473e-06,2090,696,aaa
bwt_search,2.86102294922e-06,1050,350,random
bwt_search,9.05990600586e-06,2110,703,aaa
bwt_search,4.05311584473e-06,1060,353,random
bwt_search,3.09944152832e-06,2130,709,aaa
bwt_search,3.81469726562e-06,1070,356,random
bwt_search,4.05311584473e-06,2150,716,aaa
bwt_search,4.05311584473e-06,1080,360,random
bwt_search,6.19888305664e-06,2170,723,aaa
bwt_search,1.00135803223e-05,1090,363,random
bwt_search,4.05311584473e-06,2190,729,aaa
bwt_search,4.05311584473e-06,1100,366,random
bwt_search,1.28746032715e-05,2210,736,aaa
bwt_search,5.00679016113e-06,1110,370,random
bwt_search,3.81469726562e-06,2230,743,aaa
bwt_search,6.19888305664e-06,1120,373,random
bwt_search,8.10623168945e-06,2250,749,aaa
bwt_search,4.05311584473e-06,1130,376,random
bwt_search,3.09944152832e-06,2270,756,aaa
bwt_search,2.86102294922e-06,1140,380,random
bwt_search,3.81469726562e-06,2290,763,aaa
bwt_search,2.86102294922e-06,1150,383,random
bwt_search,3.09944152832e-06,2310,769,aaa
bwt_search,2.86102294922e-06,1160,386,random
bwt_search,2.86102294922e-06,2330,776,aaa
bwt_search,4.05311584473e-06,1170,390,random
bwt_search,4.05311584473e-06,2350,783,aaa
bwt_search,2.86102294922e-06,1180,393,random
bwt_search,5.96046447754e-06,2370,789,aaa
bwt_search,5.00679016113e-06,1190,396,random
bwt_search,4.05311584473e-06,2390,796,aaa
bwt_search,2.86102294922e-06,1200,400,random
bwt_search,5.96046447754e-06,2410,803,aaa
bwt_search,4.05311584473e-06,1210,403,random
bwt_search,4.05311584473e-06,2430,809,aaa
bwt_search,8.10623168945e-06,1220,406,random
bwt_search,5.00679016113e-06,2450,816,aaa
bwt_search,4.05311584473e-06,1230,410,random
bwt_search,2.86102294922e-06,2470,823,aaa
bwt_search,4.05311584473e-06,1240,413,random
bwt_search,3.81469726562e-06,2490,829,aaa
bwt_search,4.05311584473e-06,1250,416,random
bwt_search,4.05311584473e-06,2510,836,aaa
bwt_search,1.50203704834e-05,1260,420,random
bwt_search,5.00679016113e-06,2530,843,aaa
bwt_search,4.05311584473e-06,1270,423,random
bwt_search,8.10623168945e-06,2550,849,aaa
bwt_search,5.00679016113e-06,1280,426,random
bwt_search,3.09944152832e-06,2570,856,aaa
bwt_search,5.00679016113e-06,1290,430,random
bwt_search,5.00679016113e-06,2590,863,aaa
bwt_search,3.09944152832e-06,1300,433,random
bwt_search,3.81469726562e-06,2610,869,aaa
bwt_search,4.05311584473e-06,1310,436,random
bwt_search,1.09672546387e-05,2630,876,aaa
bwt_search,5.00679016113e-06,1320,440,random
bwt_search,4.05311584473e-06,2650,883,aaa
bwt_search,5.96046447754e-06,1330,443,random
bwt_search,1.19209289551e-05,2670,889,aaa
bwt_search,5.00679016113e-06,1340,446,random
bwt_search,1.21593475342e-05,2690,896,aaa
bwt_search,7.15255737305e-06,1350,450,random
bwt_search,5.96046447754e-06,2710,903,aaa
bwt_search,3.81469726562e-06,1360,453,random
bwt_search,3.09944152832e-06,2730,909,aaa
bwt_search,5.00679016113e-06,1370,456,random
bwt_search,3.81469726562e-06,2750,916,aaa
bwt_search,4.05311584473e-06,1380,460,random
bwt_search,4.05311584473e-06,2770,923,aaa
bwt_search,4.05311584473e-06,1390,463,random
bwt_search,3.09944152832e-06,2790,929,aaa
bwt_search,3.81469726562e-06,1400,466,random
bwt_search,6.91413879395e-06,2810,936,aaa
bwt_search,5.96046447754e-06,1410,470,random
bwt_search,4.05311584473e-06,2830,943,aaa
bwt_search,5.00679016113e-06,1420,473,random
bwt_search,4.05311584473e-06,2850,949,aaa
bwt_search,1.59740447998e-05,1430,476,random
bwt_search,5.00679016113e-06,2870,956,aaa
bwt_search,4.05311584473e-06,1440,480,random
bwt_search,4.05311584473e-06,2890,963,aaa
bwt_search,5.00679016113e-06,1450,483,random
bwt_search,6.91413879395e-06,2910,969,aaa
bwt_search,4.05311584473e-06,1460,486,random
bwt_search,4.05311584473e-06,2930,976,aaa
bwt_search,3.81469726562e-06,1470,490,random
bwt_search,4.05311584473e-06,2950,983,aaa
bwt_search,3.09944152832e-06,1480,493,random
bwt_search,5.00679016113e-06,2970,989,aaa
bwt_search,3.81469726562e-06,1490,496,random
bwt_search,1.90734863281e-05,2990,996,aaa
bwt_search,6.19888305664e-06,1500,500,random
bwt_search,5.00679016113e-06,3010,1003,aaa
bwt_search,9.05990600586e-06,1510,503,random
bwt_search,8.10623168945e-06,3030,1009,aaa
bwt_search,8.82148742676e-06,1520,506,random
bwt_search,4.05311584473e-06,3050,1016,aaa
bwt_search,1.50203704834e-05,1530,510,random
bwt_search,4.05311584473e-06,3070,1023,aaa
bwt_search,4.05311584473e-06,1540,513,random
bwt_search,4.05311584473e-06,3090,1029,aaa
bwt_search,5.00679016113e-06,1550,516,random
bwt_search,5.00679016113e-06,3110,1036,aaa
bwt_search,5.96046447754e-06,1560,520,random
bwt_search,2.09808349609e-05,3130,1043,aaa
bwt_search,1.00135803223e-05,1570,523,random
bwt_search,7.15255737305e-06,3150,1049,aaa
bwt_search,5.00679016113e-06,1580,526,random
bwt_search,9.05990600586e-06,3170,1056,aaa
bwt_search,3.81469726562e-06,1590,530,random
bwt_search,3.81469726562e-06,3190,1063,aaa
bwt_search,5.00679016113e-06,1600,533,random
bwt_search,5.00679016113e-06,3210,1069,aaa
bwt_search,3.09944152832e-06,1610,536,random
bwt_search,4.05311584473e-06,3230,1076,aaa
bwt_search,4.05311584473e-06,1620,540,random
bwt_search,1.50203704834e-05,3250,1083,aaa
bwt_search,5.96046447754e-06,1630,543,random
bwt_search,5.00679016113e-06,3270,1089,aaa
bwt_search,2.86102294922e-06,1640,546,random
bwt_search,1.4066696167e-05,3290,1096,aaa
bwt_search,5.96046447754e-06,1650,550,random
bwt_search,1.00135803223e-05,3310,1103,aaa
bwt_search,4.05311584473e-06,1660,553,random
bwt_search,4.05311584473e-06,3330,1109,aaa
bwt_search,3.81469726562e-06,1670,556,random
bwt_search,5.00679016113e-06,3350,1116,aaa
bwt_search,5.00679016113e-06,1680,560,random
bwt_search,5.00679016113e-06,3370,1123,aaa
bwt_search,3.81469726562e-06,1690,563,random
bwt_search,5.96046447754e-06,3390,1129,aaa
bwt_search,5.00679016113e-06,1700,566,random
bwt_search,1.38282775879e-05,3410,1136,aaa
bwt_search,5.00679016113e-06,1710,570,random
bwt_search,1.09672546387e-05,3430,1143,aaa
bwt_search,3.81469726562e-06,1720,573,random
bwt_search,2.09808349609e-05,3450,1149,aaa
bwt_search,1.47819519043e-05,1730,576,random
bwt_search,1.69277191162e-05,3470,1156,aaa
bwt_search,1.78813934326e-05,1740,580,random
bwt_search,1.09672546387e-05,3490,1163,aaa
bwt_search,3.81469726562e-06,1750,583,random
bwt_search,5.96046447754e-06,3510,1169,aaa
bwt_search,5.00679016113e-06,1760,586,random
bwt_search,5.96046447754e-06,3530,1176,aaa
bwt_search,4.05311584473e-06,1770,590,random
bwt_search,5.00679016113e-06,3550,1183,aaa
bwt_search,4.05311584473e-06,1780,593,random
bwt_search,7.15255737305e-06,3570,1189,aaa
bwt_search,5.00679016113e-06,1790,596,random
bwt_search,9.05990600586e-06,3590,1196,aaa
bwt_search,5.00679016113e-06,1800,600,random
bwt_search,5.00679016113e-06,3610,1203,aaa
bwt_search,5.00679016113e-06,1810,603,random
bwt_search,8.10623168945e-06,3630,1209,aaa
bwt_search,5.96046447754e-06,1820,606,random
bwt_search,6.19888305664e-06,3650,1216,aaa
bwt_search,7.15255737305e-06,1830,610,random
bwt_search,5.00679016113e-06,3670,1223,aaa
bwt_search,5.00679016113e-06,1840,613,random
bwt_search,1.09672546387e-05,3690,1229,aaa
bwt_search,5.00679016113e-06,1850,616,random
bwt_search,5.00679016113e-06,3710,1236,aaa
bwt_search,5.00679016113e-06,1860,620,random
bwt_search,5.96046447754e-06,3730,1243,aaa
bwt_search,8.82148742676e-06,1870,623,random
bwt_search,5.96046447754e-06,3750,1249,aaa
bwt_search,3.81469726562e-06,1880,626,random
bwt_search,1.09672546387e-05,3770,1256,aaa
bwt_search,1.71661376953e-05,1890,630,random
bwt_search,5.96046447754e-06,3790,1263,aaa
bwt_search,3.81469726562e-06,1900,633,random
bwt_search,7.15255737305e-06,3810,1269,aaa
bwt_search,4.05311584473e-06,1910,636,random
bwt_search,6.91413879395e-06,3830,1276,aaa
bwt_search,5.00679016113e-06,1920,640,random
bwt_search,7.15255737305e-06,3850,1283,aaa
bwt_search,5.00679016113e-06,1930,643,random
bwt_search,5.96046447754e-06,3870,1289,aaa
bwt_search,7.86781311035e-06,1940,646,random
bwt_search,5.96046447754e-06,3890,1296,aaa
bwt_search,5.96046447754e-06,1950,650,random
bwt_search,6.91413879395e-06,3910,1303,aaa
bwt_search,5.96046447754e-06,1960,653,random
bwt_search,2.47955322266e-05,3930,1309,aaa
bwt_search,9.05990600586e-06,1970,656,random
bwt_search,2.21729278564e-05,3950,1316,aaa
bwt_search,5.00679016113e-06,1980,660,random
bwt_search,5.00679016113e-06,3970,1323,aaa
bwt_search,5.96046447754e-06,1990,663,random
bwt_search,5.96046447754e-06,3990,1329,aaa
bwt_search,5.00679016113e-06,2000,666,random
bwt_search,1.19209289551e-05,4010,1336,aaa
bwt_search,5.00679016113e-06,2010,670,random
bwt_search,7.86781311035e-06,4030,1343,aaa
bwt_search,5.00679016113e-06,2020,673,random
bwt_search,5.00679016113e-06,4050,1349,aaa
bwt_search,4.76837158203e-06,2030,676,random
bwt_search,5.00679016113e-06,4070,1356,aaa
bwt_search,5.00679016113e-06,2040,680,random
bwt_search,6.19888305664e-06,4090,1363,aaa
bwt_search,5.00679016113e-06,2050,683,random
bwt_search,7.86781311035e-06,4110,1369,aaa
bwt_search,5.00679016113e-06,2060,686,random
bwt_search,5.96046447754e-06,4130,1376,aaa
bwt_search,7.15255737305e-06,2070,690,random
bwt_search,2.59876251221e-05,4150,1383,aaa
bwt_search,8.10623168945e-06,2080,693,random
bwt_search,5.96046447754e-06,4170,1389,aaa
bwt_search,6.91413879395e-06,2090,696,random
bwt_search,7.86781311035e-06,4190,1396,aaa
bwt_search,6.91413879395e-06,2100,700,random
bwt_search,5.00679016113e-06,4210,1403,aaa
bwt_search,9.05990600586e-06,2110,703,random
bwt_search,5.00679016113e-06,4230,1409,aaa
bwt_search,5.00679016113e-06,2120,706,random
bwt_search,1.09672546387e-05,4250,1416,aaa
bwt_search,5.00679016113e-06,2130,710,random
bwt_search,6.19888305664e-06,4270,1423,aaa
bwt_search,5.00679016113e-06,2140,713,random
bwt_search,5.00679016113e-06,4290,1429,aaa
bwt_search,4.05311584473e-06,2150,716,random
bwt_search,4.05311584473e-06,4310,1436,aaa
bwt_search,5.00679016113e-06,2160,720,random
bwt_search,2.00271606445e-05,4330,1443,aaa
bwt_search,5.96046447754e-06,2170,723,random
bwt_search,5.96046447754e-06,4350,1449,aaa
bwt_search,5.00679016113e-06,2180,726,random
bwt_search,6.91413879395e-06,4370,1456,aaa
bwt_search,5.96046447754e-06,2190,730,random
bwt_search,5.96046447754e-06,4390,1463,aaa
bwt_search,5.00679016113e-06,2200,733,random
bwt_search,1.09672546387e-05,4410,1469,aaa
bwt_search,4.76837158203e-06,2210,736,random
bwt_search,5.96046447754e-06,4430,1476,aaa
bwt_search,8.82148742676e-06,2220,740,random
bwt_search,6.91413879395e-06,4450,1483,aaa
bwt_search,1.19209289551e-05,2230,743,random
bwt_search,5.00679016113e-06,4470,1489,aaa
bwt_search,5.00679016113e-06,2240,746,random
bwt_search,6.91413879395e-06,4490,1496,aaa
bwt_search,6.91413879395e-06,2250,750,random
bwt_search,5.96046447754e-06,4510,1503,aaa
bwt_search,7.86781311035e-06,2260,753,random
bwt_search,5.96046447754e-06,4530,1509,aaa
bwt_search,7.15255737305e-06,2270,756,random
bwt_search,1.09672546387e-05,4550,1516,aaa
bwt_search,7.15255737305e-06,2280,760,random
bwt_search,6.19888305664e-06,4570,1523,aaa
bwt_search,5.00679016113e-06,2290,763,random
bwt_search,7.86781311035e-06,4590,1529,aaa
bwt_search,5.96046447754e-06,2300,766,random
bwt_search,5.00679016113e-06,4610,1536,aaa
bwt_search,7.86781311035e-06,2310,770,random
bwt_search,5.96046447754e-06,4630,1543,aaa
bwt_search,8.10623168945e-06,2320,773,random
bwt_search,5.96046447754e-06,4650,1549,aaa
bwt_search,6.91413879395e-06,2330,776,random
bwt_search,8.82148742676e-06,4670,1556,aaa
bwt_search,5.96046447754e-06,2340,780,random
bwt_search,8.10623168945e-06,4690,1563,aaa
bwt_search,6.91413879395e-06,2350,783,random
bwt_search,7.15255737305e-06,4710,1569,aaa
bwt_search,5.00679016113e-06,2360,786,random
bwt_search,5.96046447754e-06,4730,1576,aaa
bwt_search,1.50203704834e-05,2370,790,random
bwt_search,2.8133392334e-05,4750,1583,aaa
bwt_search,6.91413879395e-06,2380,793,random
bwt_search,5.00679016113e-06,4770,1589,aaa
bwt_search,5.96046447754e-06,2390,796,random
bwt_search,6.91413879395e-06,4790,1596,aaa
bwt_search,6.91413879395e-06,2400,800,random
bwt_search,8.10623168945e-06,4810,1603,aaa
bwt_search,5.00679016113e-06,2410,803,random
bwt_search,2.28881835938e-05,4830,1609,aaa
bwt_search,9.05990600586e-06,2420,806,random
bwt_search,6.91413879395e-06,4850,1616,aaa
bwt_search,5.96046447754e-06,2430,810,random
bwt_search,1.31130218506e-05,4870,1623,aaa
bwt_search,6.19888305664e-06,2440,813,random
bwt_search,5.96046447754e-06,4890,1629,aaa
bwt_search,5.00679016113e-06,2450,816,random
bwt_search,9.05990600586e-06,4910,1636,aaa
bwt_search,5.96046447754e-06,2460,820,random
bwt_search,6.91413879395e-06,4930,1643,aaa
bwt_search,9.05990600586e-06,2470,823,random
bwt_search,5.96046447754e-06,4950,1649,aaa
bwt_search,6.19888305664e-06,2480,826,random
bwt_search,7.86781311035e-06,4970,1656,aaa
bwt_search,5.96046447754e-06,2490,830,random
bwt_search,6.91413879395e-06,4990,1663,aaa
bwt_search,6.91413879395e-06,2500,833,random
bwt_search,9.05990600586e-06,5010,1669,aaa
bwt_search,5.96046447754e-06,2510,836,random
bwt_search,1.00135803223e-05,5030,1676,aaa
bwt_search,5.96046447754e-06,2520,840,random
bwt_search,9.05990600586e-06,5050,1683,aaa
bwt_search,7.15255737305e-06,2530,843,random
bwt_search,1.62124633789e-05,5070,1689,aaa
bwt_search,8.10623168945e-06,2540,846,random
bwt_search,6.91413879395e-06,5090,1696,aaa
bwt_search,1.28746032715e-05,2550,850,random
bwt_search,6.91413879395e-06,5110,1703,aaa
bwt_search,5.96046447754e-06,2560,853,random
bwt_search,1.81198120117e-05,5130,1709,aaa
bwt_search,2.40802764893e-05,2570,856,random
bwt_search,5.96046447754e-06,5150,1716,aaa
bwt_search,5.96046447754e-06,2580,860,random
bwt_search,5.96046447754e-06,5170,1723,aaa
bwt_search,7.15255737305e-06,2590,863,random
bwt_search,6.91413879395e-06,5190,1729,aaa
bwt_search,7.15255737305e-06,2600,866,random
bwt_search,9.05990600586e-06,5210,1736,aaa
bwt_search,8.10623168945e-06,2610,870,random
bwt_search,8.82148742676e-06,5230,1743,aaa
bwt_search,9.05990600586e-06,2620,873,random
bwt_search,5.96046447754e-06,5250,1749,aaa
bwt_search,5.96046447754e-06,2630,876,random
bwt_search,1.78813934326e-05,5270,1756,aaa
bwt_search,5.96046447754e-06,2640,880,random
bwt_search,5.96046447754e-06,5290,1763,aaa
bwt_search,6.91413879395e-06,2650,883,random
bwt_search,5.96046447754e-06,5310,1769,aaa
bwt_search,7.15255737305e-06,2660,886,random
bwt_search,6.19888305664e-06,5330,1776,aaa
bwt_search,9.05990600586e-06,2670,890,random
bwt_search,5.96046447754e-06,5350,1783,aaa
bwt_search,7.15255737305e-06,2680,893,random
bwt_search,5.96046447754e-06,5370,1789,aaa
bwt_search,5.00679016113e-06,2690,896,random
bwt_search,1.09672546387e-05,5390,1796,aaa
bwt_search,5.96046447754e-06,2700,900,random
bwt_search,1.4066696167e-05,5410,1803,aaa
bwt_search,6.91413879395e-06,2710,903,random
bwt_search,5.00679016113e-06,5430,1809,aaa
bwt_search,5.96046447754e-06,2720,906,random
bwt_search,6.91413879395e-06,5450,1816,aaa
bwt_search,5.96046447754e-06,2730,910,random
bwt_search,7.86781311035e-06,5470,1823,aaa
bwt_search,7.15255737305e-06,2740,913,random
bwt_search,7.86781311035e-06,5490,1829,aaa
bwt_search,1.59740447998e-05,2750,916,random
bwt_search,5.96046447754e-06,5510,1836,aaa
bwt_search,5.96046447754e-06,2760,920,random
bwt_search,1.4066696167e-05,5530,1843,aaa
bwt_search,6.91413879395e-06,2770,923,random
bwt_search,7.86781311035e-06,5550,1849,aaa
bwt_search,1.19209289551e-05,2780,926,random
bwt_search,1.09672546387e-05,5570,1856,aaa
bwt_search,6.91413879395e-06,2790,930,random
bwt_search,5.96046447754e-06,5590,1863,aaa
bwt_search,7.15255737305e-06,2800,933,random
bwt_search,5.96046447754e-06,5610,1869,aaa
bwt_search,6.91413879395e-06,2810,936,random
bwt_search,9.05990600586e-06,5630,1876,aaa
bwt_search,5.00679016113e-06,2820,940,random
bwt_search,1.90734863281e-05,5650,1883,aaa
bwt_search,6.91413879395e-06,2830,943,random
bwt_search,5.00679016113e-06,5670,1889,aaa
bwt_search,5.96046447754e-06,2840,946,random
bwt_search,5.96046447754e-06,5690,1896,aaa
bwt_search,5.96046447754e-06,2850,950,random
bwt_search,7.86781311035e-06,5710,1903,aaa
bwt_search,8.82148742676e-06,2860,953,random
bwt_search,5.96046447754e-06,5730,1909,aaa
bwt_search,5.96046447754e-06,2870,956,random
bwt_search,8.10623168945e-06,5750,1916,aaa
bwt_search,5.96046447754e-06,2880,960,random
bwt_search,5.96046447754e-06,5770,1923,aaa
bwt_search,6.19888305664e-06,2890,963,random
bwt_search,6.91413879395e-06,5790,1929,aaa
bwt_search,5.96046447754e-06,2900,966,random
bwt_search,8.10623168945e-06,5810,1936,aaa
bwt_search,8.10623168945e-06,2910,970,random
bwt_search,1.69277191162e-05,5830,1943,aaa
bwt_search,1.71661376953e-05,2920,973,random
bwt_search,1.28746032715e-05,5850,1949,aaa
bwt_search,7.15255737305e-06,2930,976,random
bwt_search,9.05990600586e-06,5870,1956,aaa
bwt_search,8.10623168945e-06,2940,980,random
bwt_search,1.4066696167e-05,5890,1963,aaa
bwt_search,5.96046447754e-06,2950,983,random
bwt_search,5.96046447754e-06,5910,1969,aaa
bwt_search,5.96046447754e-06,2960,986,random
bwt_search,6.91413879395e-06,5930,1976,aaa
bwt_search,5.96046447754e-06,2970,990,random
bwt_search,1.50203704834e-05,5950,1983,aaa
bwt_search,7.86781311035e-06,2980,993,random
bwt_search,6.91413879395e-06,5970,1989,aaa
bwt_search,7.86781311035e-06,2990,996,random
bwt_search,1.69277191162e-05,5990,1996,aaa
bwt_search,8.10623168945e-06,3000,1000,random
bwt_search,7.86781311035e-06,6010,2003,aaa
bwt_search,1.19209289551e-05,3010,1003,random
bwt_search,9.05990600586e-06,6030,2009,aaa
bwt_search,7.15255737305e-06,3020,1006,random
bwt_search,7.15255737305e-06,6050,2016,aaa
bwt_search,1.50203704834e-05,3030,1010,random
bwt_search,9.77516174316e-06,6070,2023,aaa
bwt_search,7.86781311035e-06,3040,1013,random
bwt_search,1.00135803223e-05,6090,2029,aaa
bwt_search,9.05990600586e-06,3050,1016,random
bwt_search,1.09672546387e-05,6110,2036,aaa
bwt_search,7.15255737305e-06,3060,1020,random
bwt_search,5.96046447754e-06,6130,2043,aaa
bwt_search,7.86781311035e-06,3070,1023,random
bwt_search,1.09672546387e-05,6150,2049,aaa
bwt_search,7.15255737305e-06,3080,1026,random
bwt_search,6.91413879395e-06,6170,2056,aaa
bwt_search,8.10623168945e-06,3090,1030,random
bwt_search,1.00135803223e-05,6190,2063,aaa
bwt_search,9.05990600586e-06,3100,1033,random
bwt_search,6.91413879395e-06,6210,2069,aaa
bwt_search,9.77516174316e-06,3110,1036,random
bwt_search,1.00135803223e-05,6230,2076,aaa
bwt_search,6.91413879395e-06,3120,1040,random
bwt_search,1.50203704834e-05,6250,2083,aaa
bwt_search,9.05990600586e-06,3130,1043,random
bwt_search,1.38282775879e-05,6270,2089,aaa
bwt_search,2.50339508057e-05,3140,1046,random
bwt_search,2.00271606445e-05,6290,2096,aaa
bwt_search,1.28746032715e-05,3150,1050,random
bwt_search,7.15255737305e-06,6310,2103,aaa
bwt_search,6.91413879395e-06,3160,1053,random
bwt_search,6.91413879395e-06,6330,2109,aaa
bwt_search,8.10623168945e-06,3170,1056,random
bwt_search,1.59740447998e-05,6350,2116,aaa
bwt_search,7.15255737305e-06,3180,1060,random
bwt_search,6.91413879395e-06,6370,2123,aaa
bwt_search,8.82148742676e-06,3190,1063,random
bwt_search,7.86781311035e-06,6390,2129,aaa
bwt_search,6.91413879395e-06,3200,1066,random
bwt_search,2.8133392334e-05,6410,2136,aaa
bwt_search,1.19209289551e-05,3210,1070,random
bwt_search,8.10623168945e-06,6430,2143,aaa
bwt_search,9.05990600586e-06,3220,1073,random
bwt_search,1.21593475342e-05,6450,2149,aaa
bwt_search,6.91413879395e-06,3230,1076,random
bwt_search,1.00135803223e-05,6470,2156,aaa
bwt_search,6.91413879395e-06,3240,1080,random
bwt_search,1.09672546387e-05,6490,2163,aaa
bwt_search,5.96046447754e-06,3250,1083,random
bwt_search,3.09944152832e-05,6510,2169,aaa
bwt_search,8.10623168945e-06,3260,1086,random
bwt_search,1.00135803223e-05,6530,2176,aaa
bwt_search,7.15255737305e-06,3270,1090,random
bwt_search,8.10623168945e-06,6550,2183,aaa
bwt_search,3.21865081787e-05,3280,1093,random
bwt_search,1.4066696167e-05,6570,2189,aaa
bwt_search,7.86781311035e-06,3290,1096,random
bwt_search,7.86781311035e-06,6590,2196,aaa
bwt_search,1.00135803223e-05,3300,1100,random
bwt_search,7.15255737305e-06,6610,2203,aaa
bwt_search,1.31130218506e-05,3310,1103,random
bwt_search,1.09672546387e-05,6630,2209,aaa
bwt_search,5.96046447754e-06,3320,1106,random
bwt_search,9.05990600586e-06,6650,2216,aaa
bwt_search,6.91413879395e-06,3330,1110,random
bwt_search,7.86781311035e-06,6670,2223,aaa
bwt_search,8.10623168945e-06,3340,1113,random
bwt_search,7.86781311035e-06,6690,2229,aaa
bwt_search,6.91413879395e-06,3350,1116,random
bwt_search,8.10623168945e-06,6710,2236,aaa
bwt_search,6.91413879395e-06,3360,1120,random
bwt_search,8.10623168945e-06,6730,2243,aaa
bwt_search,1.00135803223e-05,3370,1123,random
bwt_search,1.21593475342e-05,6750,2249,aaa
bwt_search,1.00135803223e-05,3380,1126,random
bwt_search,2.71797180176e-05,6770,2256,aaa
bwt_search,5.96046447754e-06,3390,1130,random
bwt_search,7.15255737305e-06,6790,2263,aaa
bwt_search,1.00135803223e-05,3400,1133,random
bwt_search,1.12056732178e-05,6810,2269,aaa
bwt_search,6.91413879395e-06,3410,1136,random
bwt_search,2.90870666504e-05,6830,2276,aaa
bwt_search,9.05990600586e-06,3420,1140,random
bwt_search,1.00135803223e-05,6850,2283,aaa
bwt_search,8.10623168945e-06,3430,1143,random
bwt_search,1.00135803223e-05,6870,2289,aaa
bwt_search,7.15255737305e-06,3440,1146,random
bwt_search,1.00135803223e-05,6890,2296,aaa
bwt_search,9.05990600586e-06,3450,1150,random
bwt_search,1.90734863281e-05,6910,2303,aaa
bwt_search,4.31537628174e-05,3460,1153,random
bwt_search,2.28881835938e-05,6930,2309,aaa
bwt_search,7.15255737305e-06,3470,1156,random
bwt_search,4.88758087158e-05,6950,2316,aaa
bwt_search,4.81605529785e-05,3480,1160,random
bwt_search,8.10623168945e-06,6970,2323,aaa
bwt_search,9.05990600586e-06,3490,1163,random
bwt_search,8.10623168945e-06,6990,2329,aaa
bwt_search,1.4066696167e-05,3500,1166,random
bwt_search,1.21593475342e-05,7010,2336,aaa
bwt_search,6.91413879395e-06,3510,1170,random
bwt_search,7.86781311035e-06,7030,2343,aaa
bwt_search,2.88486480713e-05,3520,1173,random
bwt_search,1.09672546387e-05,7050,2349,aaa
bwt_search,1.90734863281e-05,3530,1176,random
bwt_search,7.15255737305e-06,7070,2356,aaa
bwt_search,5.96046447754e-06,3540,1180,random
bwt_search,1.31130218506e-05,7090,2363,aaa
bwt_search,1.00135803223e-05,3550,1183,random
bwt_search,9.05990600586e-06,7110,2369,aaa
bwt_search,1.12056732178e-05,3560,1186,random
bwt_search,6.91413879395e-06,7130,2376,aaa
bwt_search,1.00135803223e-05,3570,1190,random
bwt_search,8.10623168945e-06,7150,2383,aaa
bwt_search,8.10623168945e-06,3580,1193,random
bwt_search,1.31130218506e-05,7170,2389,aaa
bwt_search,1.09672546387e-05,3590,1196,random
bwt_search,8.10623168945e-06,7190,2396,aaa
bwt_search,9.05990600586e-06,3600,1200,random
bwt_search,1.09672546387e-05,7210,2403,aaa
bwt_search,6.91413879395e-06,3610,1203,random
bwt_search,7.86781311035e-06,7230,2409,aaa
bwt_search,1.09672546387e-05,3620,1206,random
bwt_search,2.19345092773e-05,7250,2416,aaa
bwt_search,9.05990600586e-06,3630,1210,random
bwt_search,9.05990600586e-06,7270,2423,aaa
bwt_search,6.91413879395e-06,3640,1213,random
bwt_search,8.10623168945e-06,7290,2429,aaa
bwt_search,8.82148742676e-06,3650,1216,random
bwt_search,1.19209289551e-05,7310,2436,aaa
bwt_search,7.15255737305e-06,3660,1220,random
bwt_search,9.05990600586e-06,7330,2443,aaa
bwt_search,9.05990600586e-06,3670,1223,random
bwt_search,2.59876251221e-05,7350,2449,aaa
bwt_search,8.10623168945e-06,3680,1226,random
bwt_search,8.10623168945e-06,7370,2456,aaa
bwt_search,9.05990600586e-06,3690,1230,random
bwt_search,4.50611114502e-05,7390,2463,aaa
bwt_search,8.10623168945e-06,3700,1233,random
bwt_search,1.09672546387e-05,7410,2469,aaa
bwt_search,3.09944152832e-05,3710,1236,random
bwt_search,7.15255737305e-06,7430,2476,aaa
bwt_search,6.91413879395e-06,3720,1240,random
bwt_search,8.10623168945e-06,7450,2483,aaa
bwt_search,6.91413879395e-06,3730,1243,random
bwt_search,1.28746032715e-05,7470,2489,aaa
bwt_search,7.86781311035e-06,3740,1246,random
bwt_search,1.09672546387e-05,7490,2496,aaa
bwt_search,6.79492950439e-05,3750,1250,random
bwt_search,1.19209289551e-05,7510,2503,aaa
bwt_search,1.00135803223e-05,3760,1253,random
bwt_search,1.19209289551e-05,7530,2509,aaa
bwt_search,7.86781311035e-06,3770,1256,random
bwt_search,1.09672546387e-05,7550,2516,aaa
bwt_search,7.86781311035e-06,3780,1260,random
bwt_search,2.71797180176e-05,7570,2523,aaa
bwt_search,8.82148742676e-06,3790,1263,random
bwt_search,8.82148742676e-06,7590,2529,aaa
bwt_search,8.10623168945e-06,3800,1266,random
bwt_search,1.00135803223e-05,7610,2536,aaa
bwt_search,9.77516174316e-06,3810,1270,random
bwt_search,9.05990600586e-06,7630,2543,aaa
bwt_search,1.09672546387e-05,3820,1273,random
bwt_search,1.00135803223e-05,7650,2549,aaa
bwt_search,3.19480895996e-05,3830,1276,random
bwt_search,1.47819519043e-05,7670,2556,aaa
bwt_search,9.05990600586e-06,3840,1280,random
bwt_search,1.78813934326e-05,7690,2563,aaa
bwt_search,7.86781311035e-06,3850,1283,random
bwt_search,5.29289245605e-05,7710,2569,aaa
bwt_search,8.10623168945e-06,3860,1286,random
bwt_search,0.000141859054565,7730,2576,aaa
bwt_search,8.82148742676e-06,3870,1290,random
bwt_search,1.09672546387e-05,7750,2583,aaa
bwt_search,7.86781311035e-06,3880,1293,random
bwt_search,3.40938568115e-05,7770,2589,aaa
bwt_search,7.86781311035e-06,3890,1296,random
bwt_search,1.4066696167e-05,7790,2596,aaa
bwt_search,9.05990600586e-06,3900,1300,random
bwt_search,1.19209289551e-05,7810,2603,aaa
bwt_search,6.91413879395e-06,3910,1303,random
bwt_search,1.00135803223e-05,7830,2609,aaa
bwt_search,1.4066696167e-05,3920,1306,random
bwt_search,2.00271606445e-05,7850,2616,aaa
bwt_search,7.86781311035e-06,3930,1310,random
bwt_search,1.59740447998e-05,7870,2623,aaa
bwt_search,6.91413879395e-06,3940,1313,random
bwt_search,1.00135803223e-05,7890,2629,aaa
bwt_search,8.10623168945e-06,3950,1316,random
bwt_search,9.05990600586e-06,7910,2636,aaa
bwt_search,8.10623168945e-06,3960,1320,random
bwt_search,1.50203704834e-05,7930,2643,aaa
bwt_search,6.91413879395e-06,3970,1323,random
bwt_search,1.21593475342e-05,7950,2649,aaa
bwt_search,7.86781311035e-06,3980,1326,random
bwt_search,8.82148742676e-06,7970,2656,aaa
bwt_search,1.31130218506e-05,3990,1330,random
bwt_search,1.19209289551e-05,7990,2663,aaa
bwt_search,8.10623168945e-06,4000,1333,random
bwt_search,1.00135803223e-05,8010,2669,aaa
bwt_search,7.86781311035e-06,4010,1336,random
bwt_search,1.00135803223e-05,8030,2676,aaa
bwt_search,4.38690185547e-05,4020,1340,random
bwt_search,7.86781311035e-06,8050,2683,aaa
bwt_search,9.05990600586e-06,4030,1343,random
bwt_search,3.48091125488e-05,8070,2689,aaa
bwt_search,1.19209289551e-05,4040,1346,random
bwt_search,1.00135803223e-05,8090,2696,aaa
bwt_search,1.19209289551e-05,4050,1350,random
bwt_search,3.60012054443e-05,8110,2703,aaa
bwt_search,8.10623168945e-06,4060,1353,random
bwt_search,1.12056732178e-05,8130,2709,aaa
bwt_search,3.00407409668e-05,4070,1356,random
bwt_search,8.82148742676e-06,8150,2716,aaa
bwt_search,8.41617584229e-05,4080,1360,random
bwt_search,1.78813934326e-05,8170,2723,aaa
bwt_search,2.31266021729e-05,4090,1363,random
bwt_search,1.50203704834e-05,8190,2729,aaa
bwt_search,9.05990600586e-06,4100,1366,random
bwt_search,1.21593475342e-05,8210,2736,aaa
bwt_search,8.10623168945e-06,4110,1370,random
bwt_search,1.00135803223e-05,8230,2743,aaa
bwt_search,7.15255737305e-06,4120,1373,random
bwt_search,7.86781311035e-06,8250,2749,aaa
bwt_search,1.28746032715e-05,4130,1376,random
bwt_search,7.86781311035e-06,8270,2756,aaa
bwt_search,8.10623168945e-06,4140,1380,random
bwt_search,1.00135803223e-05,8290,2763,aaa
bwt_search,9.05990600586e-06,4150,1383,random
bwt_search,1.09672546387e-05,8310,2769,aaa
bwt_search,9.05990600586e-06,4160,1386,random
bwt_search,1.31130218506e-05,8330,2776,aaa
bwt_search,7.86781311035e-06,4170,1390,random
bwt_search,5.29289245605e-05,8350,2783,aaa
bwt_search,1.09672546387e-05,4180,1393,random
bwt_search,1.19209289551e-05,8370,2789,aaa
bwt_search,9.05990600586e-06,4190,1396,random
bwt_search,8.82148742676e-06,8390,2796,aaa
bwt_search,2.19345092773e-05,4200,1400,random
bwt_search,1.00135803223e-05,8410,2803,aaa
bwt_search,1.00135803223e-05,4210,1403,random
bwt_search,1.19209289551e-05,8430,2809,aaa
bwt_search,1.00135803223e-05,4220,1406,random
bwt_search,1.4066696167e-05,8450,2816,aaa
bwt_search,1.21593475342e-05,4230,1410,random
bwt_search,2.98023223877e-05,8470,2823,aaa
bwt_search,1.28746032715e-05,4240,1413,random
bwt_search,1.19209289551e-05,8490,2829,aaa
bwt_search,8.10623168945e-06,4250,1416,random
bwt_search,1.4066696167e-05,8510,2836,aaa
bwt_search,1.38282775879e-05,4260,1420,random
bwt_search,1.19209289551e-05,8530,2843,aaa
bwt_search,9.05990600586e-06,4270,1423,random
bwt_search,1.00135803223e-05,8550,2849,aaa
bwt_search,1.21593475342e-05,4280,1426,random
bwt_search,1.09672546387e-05,8570,2856,aaa
bwt_search,1.00135803223e-05,4290,1430,random
bwt_search,1.19209289551e-05,8590,2863,aaa
bwt_search,1.81198120117e-05,4300,1433,random
bwt_search,2.31266021729e-05,8610,2869,aaa
bwt_search,7.86781311035e-06,4310,1436,random
bwt_search,1.31130218506e-05,8630,2876,aaa
bwt_search,9.05990600586e-06,4320,1440,random
bwt_search,1.8835067749e-05,8650,2883,aaa
bwt_search,7.86781311035e-06,4330,1443,random
bwt_search,1.28746032715e-05,8670,2889,aaa
bwt_search,8.82148742676e-06,4340,1446,random
bwt_search,1.19209289551e-05,8690,2896,aaa
bwt_search,9.05990600586e-06,4350,1450,random
bwt_search,1.31130218506e-05,8710,2903,aaa
bwt_search,4.38690185547e-05,4360,1453,random
bwt_search,2.09808349609e-05,8730,2909,aaa
bwt_search,1.09672546387e-05,4370,1456,random
bwt_search,1.59740447998e-05,8750,2916,aaa
bwt_search,1.09672546387e-05,4380,1460,random
bwt_search,1.31130218506e-05,8770,2923,aaa
bwt_search,1.4066696167e-05,4390,1463,random
bwt_search,1.19209289551e-05,8790,2929,aaa
bwt_search,1.00135803223e-05,4400,1466,random
bwt_search,1.4066696167e-05,8810,2936,aaa
bwt_search,2.28881835938e-05,4410,1470,random
bwt_search,1.90734863281e-05,8830,2943,aaa
bwt_search,5.10215759277e-05,4420,1473,random
bwt_search,1.50203704834e-05,8850,2949,aaa
bwt_search,8.82148742676e-06,4430,1476,random
bwt_search,1.12056732178e-05,8870,2956,aaa
bwt_search,1.09672546387e-05,4440,1480,random
bwt_search,1.19209289551e-05,8890,2963,aaa
bwt_search,8.82148742676e-06,4450,1483,random
bwt_search,1.19209289551e-05,8910,2969,aaa
bwt_search,1.09672546387e-05,4460,1486,random
bwt_search,3.50475311279e-05,8930,2976,aaa
bwt_search,1.31130218506e-05,4470,1490,random
bwt_search,2.00271606445e-05,8950,2983,aaa
bwt_search,1.00135803223e-05,4480,1493,random
bwt_search,2.00271606445e-05,8970,2989,aaa
bwt_search,1.69277191162e-05,4490,1496,random
bwt_search,4.60147857666e-05,8990,2996,aaa
bwt_search,1.21593475342e-05,4500,1500,random
bwt_search,1.38282775879e-05,9010,3003,aaa
bwt_search,9.05990600586e-06,4510,1503,random
bwt_search,1.21593475342e-05,9030,3009,aaa
bwt_search,2.09808349609e-05,4520,1506,random
bwt_search,2.19345092773e-05,9050,3016,aaa
bwt_search,1.28746032715e-05,4530,1510,random
bwt_search,1.8835067749e-05,9070,3023,aaa
bwt_search,2.00271606445e-05,4540,1513,random
bwt_search,9.05990600586e-06,9090,3029,aaa
bwt_search,8.10623168945e-06,4550,1516,random
bwt_search,1.21593475342e-05,9110,3036,aaa
bwt_search,2.21729278564e-05,4560,1520,random
bwt_search,6.79492950439e-05,9130,3043,aaa
bwt_search,4.00543212891e-05,4570,1523,random
bwt_search,1.00135803223e-05,9150,3049,aaa
bwt_search,8.10623168945e-06,4580,1526,random
bwt_search,9.05990600586e-06,9170,3056,aaa
bwt_search,1.31130218506e-05,4590,1530,random
bwt_search,1.21593475342e-05,9190,3063,aaa
bwt_search,1.19209289551e-05,4600,1533,random
bwt_search,1.50203704834e-05,9210,3069,aaa
bwt_search,1.00135803223e-05,4610,1536,random
bwt_search,1.21593475342e-05,9230,3076,aaa
bwt_search,3.19480895996e-05,4620,1540,random
bwt_search,1.09672546387e-05,9250,3083,aaa
bwt_search,1.00135803223e-05,4630,1543,random
bwt_search,1.00135803223e-05,9270,3089,aaa
bwt_search,1.62124633789e-05,4640,1546,random
bwt_search,1.09672546387e-05,9290,3096,aaa
bwt_search,9.05990600586e-06,4650,1550,random
bwt_search,8.58306884766e-05,9310,3103,aaa
bwt_search,1.09672546387e-05,4660,1553,random
bwt_search,2.09808349609e-05,9330,3109,aaa
bwt_search,9.05990600586e-06,4670,1556,random
bwt_search,1.50203704834e-05,9350,3116,aaa
bwt_search,2.09808349609e-05,4680,1560,random
bwt_search,3.31401824951e-05,9370,3123,aaa
bwt_search,1.09672546387e-05,4690,1563,random
bwt_search,1.62124633789e-05,9390,3129,aaa
bwt_search,1.69277191162e-05,4700,1566,random
bwt_search,1.00135803223e-05,9410,3136,aaa
bwt_search,3.12328338623e-05,4710,1570,random
bwt_search,1.00135803223e-05,9430,3143,aaa
bwt_search,7.86781311035e-06,4720,1573,random
bwt_search,1.38282775879e-05,9450,3149,aaa
bwt_search,1.00135803223e-05,4730,1576,random
bwt_search,1.00135803223e-05,9470,3156,aaa
bwt_search,9.05990600586e-06,4740,1580,random
bwt_search,2.00271606445e-05,9490,3163,aaa
bwt_search,9.05990600586e-06,4750,1583,random
bwt_search,1.4066696167e-05,9510,3169,aaa
bwt_search,1.59740447998e-05,4760,1586,random
bwt_search,3.50475311279e-05,9530,3176,aaa
bwt_search,1.69277191162e-05,4770,1590,random
bwt_search,7.79628753662e-05,9550,3183,aaa
bwt_search,7.86781311035e-06,4780,1593,random
bwt_search,1.21593475342e-05,9570,3189,aaa
bwt_search,1.00135803223e-05,4790,1596,random
bwt_search,1.4066696167e-05,9590,3196,aaa
bwt_search,9.05990600586e-06,4800,1600,random
bwt_search,1.59740447998e-05,9610,3203,aaa
bwt_search,9.05990600586e-06,4810,1603,random
bwt_search,1.09672546387e-05,9630,3209,aaa
bwt_search,1.21593475342e-05,4820,1606,random
bwt_search,1.12056732178e-05,9650,3216,aaa
bwt_search,9.05990600586e-06,4830,1610,random
bwt_search,1.00135803223e-05,9670,3223,aaa
bwt_search,2.38418579102e-05,4840,1613,random
bwt_search,1.00135803223e-05,9690,3229,aaa
bwt_search,3.81469726562e-05,4850,1616,random
bwt_search,2.00271606445e-05,9710,3236,aaa
bwt_search,1.78813934326e-05,4860,1620,random
bwt_search,5.19752502441e-05,9730,3243,aaa
bwt_search,8.82148742676e-06,4870,1623,random
bwt_search,1.19209289551e-05,9750,3249,aaa
bwt_search,9.05990600586e-06,4880,1626,random
bwt_search,1.00135803223e-05,9770,3256,aaa
bwt_search,3.31401824951e-05,4890,1630,random
bwt_search,1.50203704834e-05,9790,3263,aaa
bwt_search,1.19209289551e-05,4900,1633,random
bwt_search,1.09672546387e-05,9810,3269,aaa
bwt_search,1.00135803223e-05,4910,1636,random
bwt_search,1.19209289551e-05,9830,3276,aaa
bwt_search,1.28746032715e-05,4920,1640,random
bwt_search,1.4066696167e-05,9850,3283,aaa
bwt_search,9.05990600586e-06,4930,1643,random
bwt_search,1.09672546387e-05,9870,3289,aaa
bwt_search,1.09672546387e-05,4940,1646,random
bwt_search,1.09672546387e-05,9890,3296,aaa
bwt_search,1.81198120117e-05,4950,1650,random
bwt_search,3.69548797607e-05,9910,3303,aaa
bwt_search,1.81198120117e-05,4960,1653,random
bwt_search,9.77516174316e-06,9930,3309,aaa
bwt_search,9.05990600586e-06,4970,1656,random
bwt_search,1.00135803223e-05,9950,3316,aaa
bwt_search,1.09672546387e-05,4980,1660,random
bwt_search,1.28746032715e-05,9970,3323,aaa
bwt_search,1.50203704834e-05,4990,1663,random
bwt_search,1.09672546387e-05,9990,3329,aaa
bwt_search,9.05990600586e-06,5000,1666,random
bwt_search,0.000119924545288,10010,3336,aaa
bwt_search,8.82148742676e-06,5010,1670,random
bwt_search,1.50203704834e-05,10030,3343,aaa
bwt_search,1.09672546387e-05,5020,1673,random
bwt_search,1.28746032715e-05,10050,3349,aaa
bwt_search,1.69277191162e-05,5030,1676,random
bwt_search,5.10215759277e-05,10070,3356,aaa
bwt_search,1.4066696167e-05,5040,1680,random
bwt_search,1.19209289551e-05,10090,3363,aaa
bwt_search,1.59740447998e-05,5050,1683,random
bwt_search,1.19209289551e-05,10110,3369,aaa
bwt_search,1.78813934326e-05,5060,1686,random
bwt_search,9.05990600586e-06,10130,3376,aaa
bwt_search,1.8835067749e-05,5070,1690,random
bwt_search,4.91142272949e-05,10150,3383,aaa
bwt_search,1.4066696167e-05,5080,1693,random
bwt_search,2.28881835938e-05,10170,3389,aaa
bwt_search,1.00135803223e-05,5090,1696,random
bwt_search,1.90734863281e-05,10190,3396,aaa
bwt_search,2.8133392334e-05,5100,1700,random
bwt_search,1.00135803223e-05,10210,3403,aaa
bwt_search,1.09672546387e-05,5110,1703,random
bwt_search,1.31130218506e-05,10230,3409,aaa
bwt_search,2.59876251221e-05,5120,1706,random
bwt_search,1.09672546387e-05,10250,3416,aaa
bwt_search,1.00135803223e-05,5130,1710,random
bwt_search,3.19480895996e-05,10270,3423,aaa
bwt_search,1.59740447998e-05,5140,1713,random
bwt_search,1.19209289551e-05,10290,3429,aaa
bwt_search,1.00135803223e-05,5150,1716,random
bwt_search,1.69277191162e-05,10310,3436,aaa
bwt_search,9.05990600586e-06,5160,1720,random
bwt_search,1.00135803223e-05,10330,3443,aaa
bwt_search,1.19209289551e-05,5170,1723,random
bwt_search,9.05990600586e-06,10350,3449,aaa
bwt_search,1.4066696167e-05,5180,1726,random
bwt_search,2.00271606445e-05,10370,3456,aaa
bwt_search,1.28746032715e-05,5190,1730,random
bwt_search,1.09672546387e-05,10390,3463,aaa
bwt_search,8.82148742676e-06,5200,1733,random
bwt_search,1.31130218506e-05,10410,3469,aaa
bwt_search,1.00135803223e-05,5210,1736,random
bwt_search,1.19209289551e-05,10430,3476,aaa
bwt_search,1.50203704834e-05,5220,1740,random
bwt_search,1.19209289551e-05,10450,3483,aaa
bwt_search,9.05990600586e-06,5230,1743,random
bwt_search,1.00135803223e-05,10470,3489,aaa
bwt_search,1.31130218506e-05,5240,1746,random
bwt_search,9.05990600586e-06,10490,3496,aaa
bwt_search,1.00135803223e-05,5250,1750,random
bwt_search,2.09808349609e-05,10510,3503,aaa
bwt_search,9.05990600586e-06,5260,1753,random
bwt_search,1.09672546387e-05,10530,3509,aaa
bwt_search,1.09672546387e-05,5270,1756,random
bwt_search,4.10079956055e-05,10550,3516,aaa
bwt_search,3.40938568115e-05,5280,1760,random
bwt_search,1.38282775879e-05,10570,3523,aaa
bwt_search,1.59740447998e-05,5290,1763,random
bwt_search,1.00135803223e-05,10590,3529,aaa
bwt_search,1.00135803223e-05,5300,1766,random
bwt_search,1.09672546387e-05,10610,3536,aaa
bwt_search,1.8835067749e-05,5310,1770,random
bwt_search,1.50203704834e-05,10630,3543,aaa
bwt_search,1.00135803223e-05,5320,1773,random
bwt_search,1.12056732178e-05,10650,3549,aaa
bwt_search,2.00271606445e-05,5330,1776,random
bwt_search,2.00271606445e-05,10670,3556,aaa
bwt_search,3.50475311279e-05,5340,1780,random
bwt_search,1.09672546387e-05,10690,3563,aaa
bwt_search,1.00135803223e-05,5350,1783,random
bwt_search,1.19209289551e-05,10710,3569,aaa
bwt_search,2.40802764893e-05,5360,1786,random
bwt_search,1.31130218506e-05,10730,3576,aaa
bwt_search,1.00135803223e-05,5370,1790,random
bwt_search,2.00271606445e-05,10750,3583,aaa
bwt_search,1.00135803223e-05,5380,1793,random
bwt_search,1.00135803223e-05,10770,3589,aaa
bwt_search,2.59876251221e-05,5390,1796,random
bwt_search,1.19209289551e-05,10790,3596,aaa
bwt_search,2.8133392334e-05,5400,1800,random
bwt_search,3.19480895996e-05,10810,3603,aaa
bwt_search,1.21593475342e-05,5410,1803,random
bwt_search,2.31266021729e-05,10830,3609,aaa
bwt_search,1.19209289551e-05,5420,1806,random
bwt_search,2.00271606445e-05,10850,3616,aaa
bwt_search,1.12056732178e-05,5430,1810,random
bwt_search,2.78949737549e-05,10870,3623,aaa
bwt_search,2.59876251221e-05,5440,1813,random
bwt_search,1.09672546387e-05,10890,3629,aaa
bwt_search,1.00135803223e-05,5450,1816,random
bwt_search,1.4066696167e-05,10910,3636,aaa
bwt_search,1.4066696167e-05,5460,1820,random
bwt_search,1.09672546387e-05,10930,3643,aaa
bwt_search,4.10079956055e-05,5470,1823,random
bwt_search,1.09672546387e-05,10950,3649,aaa
bwt_search,1.31130218506e-05,5480,1826,random
bwt_search,1.4066696167e-05,10970,3656,aaa
bwt_search,1.19209289551e-05,5490,1830,random
bwt_search,5.50746917725e-05,10990,3663,aaa
bwt_search,1.59740447998e-05,5500,1833,random
bwt_search,1.19209289551e-05,11010,3669,aaa
bwt_search,1.31130218506e-05,5510,1836,random
bwt_search,5.69820404053e-05,11030,3676,aaa
bwt_search,3.40938568115e-05,5520,1840,random
bwt_search,1.28746032715e-05,11050,3683,aaa
bwt_search,1.12056732178e-05,5530,1843,random
bwt_search,4.91142272949e-05,11070,3689,aaa
bwt_search,1.28746032715e-05,5540,1846,random
bwt_search,2.00271606445e-05,11090,3696,aaa
bwt_search,1.90734863281e-05,5550,1850,random
bwt_search,1.59740447998e-05,11110,3703,aaa
bwt_search,1.00135803223e-05,5560,1853,random
bwt_search,2.121925354e-05,11130,3709,aaa
bwt_search,1.00135803223e-05,5570,1856,random
bwt_search,2.40802764893e-05,11150,3716,aaa
bwt_search,9.77516174316e-06,5580,1860,random
bwt_search,1.4066696167e-05,11170,3723,aaa
bwt_search,2.09808349609e-05,5590,1863,random
bwt_search,4.2200088501e-05,11190,3729,aaa
bwt_search,1.28746032715e-05,5600,1866,random
bwt_search,3.79085540771e-05,11210,3736,aaa
bwt_search,5.00679016113e-05,5610,1870,random
bwt_search,4.00543212891e-05,11230,3743,aaa
bwt_search,1.00135803223e-05,5620,1873,random
bwt_search,1.50203704834e-05,11250,3749,aaa
bwt_search,1.31130218506e-05,5630,1876,random
bwt_search,1.09672546387e-05,11270,3756,aaa
bwt_search,1.31130218506e-05,5640,1880,random
bwt_search,2.8133392334e-05,11290,3763,aaa
bwt_search,2.78949737549e-05,5650,1883,random
bwt_search,1.21593475342e-05,11310,3769,aaa
bwt_search,1.09672546387e-05,5660,1886,random
bwt_search,1.4066696167e-05,11330,3776,aaa
bwt_search,1.4066696167e-05,5670,1890,random
bwt_search,2.90870666504e-05,11350,3783,aaa
bwt_search,3.40938568115e-05,5680,1893,random
bwt_search,1.09672546387e-05,11370,3789,aaa
bwt_search,1.31130218506e-05,5690,1896,random
bwt_search,1.31130218506e-05,11390,3796,aaa
bwt_search,1.59740447998e-05,5700,1900,random
bwt_search,1.38282775879e-05,11410,3803,aaa
bwt_search,1.31130218506e-05,5710,1903,random
bwt_search,1.47819519043e-05,11430,3809,aaa
bwt_search,1.28746032715e-05,5720,1906,random
bwt_search,1.69277191162e-05,11450,3816,aaa
bwt_search,1.81198120117e-05,5730,1910,random
bwt_search,0.000117063522339,11470,3823,aaa
bwt_search,1.81198120117e-05,5740,1913,random
bwt_search,1.90734863281e-05,11490,3829,aaa
bwt_search,1.09672546387e-05,5750,1916,random
bwt_search,2.59876251221e-05,11510,3836,aaa
bwt_search,1.09672546387e-05,5760,1920,random
bwt_search,1.19209289551e-05,11530,3843,aaa
bwt_search,1.47819519043e-05,5770,1923,random
bwt_search,1.31130218506e-05,11550,3849,aaa
bwt_search,1.00135803223e-05,5780,1926,random
bwt_search,1.19209289551e-05,11570,3856,aaa
bwt_search,1.50203704834e-05,5790,1930,random
bwt_search,1.50203704834e-05,11590,3863,aaa
bwt_search,1.59740447998e-05,5800,1933,random
bwt_search,1.69277191162e-05,11610,3869,aaa
bwt_search,1.09672546387e-05,5810,1936,random
bwt_search,2.90870666504e-05,11630,3876,aaa
bwt_search,1.00135803223e-05,5820,1940,random
bwt_search,1.50203704834e-05,11650,3883,aaa
bwt_search,1.09672546387e-05,5830,1943,random
bwt_search,1.21593475342e-05,11670,3889,aaa
bwt_search,3.38554382324e-05,5840,1946,random
bwt_search,2.40802764893e-05,11690,3896,aaa
bwt_search,2.28881835938e-05,5850,1950,random
bwt_search,1.00135803223e-05,11710,3903,aaa
bwt_search,1.09672546387e-05,5860,1953,random
bwt_search,1.19209289551e-05,11730,3909,aaa
bwt_search,1.09672546387e-05,5870,1956,random
bwt_search,1.28746032715e-05,11750,3916,aaa
bwt_search,1.71661376953e-05,5880,1960,random
bwt_search,1.09672546387e-05,11770,3923,aaa
bwt_search,1.00135803223e-05,5890,1963,random
bwt_search,2.50339508057e-05,11790,3929,aaa
bwt_search,1.19209289551e-05,5900,1966,random
bwt_search,1.4066696167e-05,11810,3936,aaa
bwt_search,1.00135803223e-05,5910,1970,random
bwt_search,1.62124633789e-05,11830,3943,aaa
bwt_search,1.19209289551e-05,5920,1973,random
bwt_search,2.28881835938e-05,11850,3949,aaa
bwt_search,1.31130218506e-05,5930,1976,random
bwt_search,1.19209289551e-05,11870,3956,aaa
bwt_search,1.38282775879e-05,5940,1980,random
bwt_search,1.59740447998e-05,11890,3963,aaa
bwt_search,1.00135803223e-05,5950,1983,random
bwt_search,1.19209289551e-05,11910,3969,aaa
bwt_search,2.28881835938e-05,5960,1986,random
bwt_search,1.21593475342e-05,11930,3976,aaa
bwt_search,2.121925354e-05,5970,1990,random
bwt_search,1.09672546387e-05,11950,3983,aaa
bwt_search,1.19209289551e-05,5980,1993,random
bwt_search,1.69277191162e-05,11970,3989,aaa
bwt_search,1.4066696167e-05,5990,1996,random
bwt_search,1.50203704834e-05,11990,3996,aaa
bwt_search,2.09808349609e-05,6000,2000,random
bwt_search,1.19209289551e-05,12010,4003,aaa
bwt_search,1.00135803223e-05,6010,2003,random
bwt_search,1.31130218506e-05,12030,4009,aaa
bwt_search,1.00135803223e-05,6020,2006,random
bwt_search,1.4066696167e-05,12050,4016,aaa
bwt_search,1.09672546387e-05,6030,2010,random
bwt_search,1.28746032715e-05,12070,4023,aaa
bwt_search,1.00135803223e-05,6040,2013,random
bwt_search,1.28746032715e-05,12090,4029,aaa
bwt_search,1.00135803223e-05,6050,2016,random
bwt_search,1.38282775879e-05,12110,4036,aaa
bwt_search,1.09672546387e-05,6060,2020,random
bwt_search,2.47955322266e-05,12130,4043,aaa
bwt_search,1.09672546387e-05,6070,2023,random
bwt_search,1.31130218506e-05,12150,4049,aaa
bwt_search,1.19209289551e-05,6080,2026,random
bwt_search,1.28746032715e-05,12170,4056,aaa
bwt_search,1.31130218506e-05,6090,2030,random
bwt_search,1.50203704834e-05,12190,4063,aaa
bwt_search,1.31130218506e-05,6100,2033,random
bwt_search,1.4066696167e-05,12210,4069,aaa
bwt_search,1.71661376953e-05,6110,2036,random
bwt_search,2.69412994385e-05,12230,4076,aaa
bwt_search,1.28746032715e-05,6120,2040,random
bwt_search,1.59740447998e-05,12250,4083,aaa
bwt_search,1.31130218506e-05,6130,2043,random
bwt_search,1.50203704834e-05,12270,4089,aaa
bwt_search,1.69277191162e-05,6140,2046,random
bwt_search,1.28746032715e-05,12290,4096,aaa
bwt_search,2.8133392334e-05,6150,2050,random
bwt_search,1.4066696167e-05,12310,4103,aaa
bwt_search,1.28746032715e-05,6160,2053,random
bwt_search,5.29289245605e-05,12330,4109,aaa
bwt_search,1.19209289551e-05,6170,2056,random
bwt_search,1.62124633789e-05,12350,4116,aaa
bwt_search,2.19345092773e-05,6180,2060,random
bwt_search,2.38418579102e-05,12370,4123,aaa
bwt_search,1.09672546387e-05,6190,2063,random
bwt_search,1.21593475342e-05,12390,4129,aaa
bwt_search,1.59740447998e-05,6200,2066,random
bwt_search,1.4066696167e-05,12410,4136,aaa
bwt_search,5.48362731934e-05,6210,2070,random
bwt_search,1.09672546387e-05,12430,4143,aaa
bwt_search,1.12056732178e-05,6220,2073,random
bwt_search,1.21593475342e-05,12450,4149,aaa
bwt_search,1.28746032715e-05,6230,2076,random
bwt_search,1.31130218506e-05,12470,4156,aaa
bwt_search,1.31130218506e-05,6240,2080,random
bwt_search,1.69277191162e-05,12490,4163,aaa
bwt_search,1.09672546387e-05,6250,2083,random
bwt_search,1.19209289551e-05,12510,4169,aaa
bwt_search,1.50203704834e-05,6260,2086,random
bwt_search,1.50203704834e-05,12530,4176,aaa
bwt_search,3.09944152832e-05,6270,2090,random
bwt_search,1.09672546387e-05,12550,4183,aaa
bwt_search,1.00135803223e-05,6280,2093,random
bwt_search,1.19209289551e-05,12570,4189,aaa
bwt_search,2.19345092773e-05,6290,2096,random
bwt_search,1.78813934326e-05,12590,4196,aaa
bwt_search,3.2901763916e-05,6300,2100,random
bwt_search,1.4066696167e-05,12610,4203,aaa
bwt_search,1.21593475342e-05,6310,2103,random
bwt_search,1.09672546387e-05,12630,4209,aaa
bwt_search,1.19209289551e-05,6320,2106,random
bwt_search,2.28881835938e-05,12650,4216,aaa
bwt_search,3.09944152832e-05,6330,2110,random
bwt_search,1.28746032715e-05,12670,4223,aaa
bwt_search,1.09672546387e-05,6340,2113,random
bwt_search,1.19209289551e-05,12690,4229,aaa
bwt_search,1.50203704834e-05,6350,2116,random
bwt_search,1.81198120117e-05,12710,4236,aaa
bwt_search,2.19345092773e-05,6360,2120,random
bwt_search,1.19209289551e-05,12730,4243,aaa
bwt_search,1.00135803223e-05,6370,2123,random
bwt_search,1.4066696167e-05,12750,4249,aaa
bwt_search,2.09808349609e-05,6380,2126,random
bwt_search,1.4066696167e-05,12770,4256,aaa
bwt_search,8.79764556885e-05,6390,2130,random
bwt_search,1.31130218506e-05,12790,4263,aaa
bwt_search,1.38282775879e-05,6400,2133,random
bwt_search,1.28746032715e-05,12810,4269,aaa
bwt_search,1.12056732178e-05,6410,2136,random
bwt_search,1.50203704834e-05,12830,4276,aaa
bwt_search,1.21593475342e-05,6420,2140,random
bwt_search,1.31130218506e-05,12850,4283,aaa
bwt_search,1.19209289551e-05,6430,2143,random
bwt_search,1.28746032715e-05,12870,4289,aaa
bwt_search,1.4066696167e-05,6440,2146,random
bwt_search,1.31130218506e-05,12890,4296,aaa
bwt_search,4.41074371338e-05,6450,2150,random
bwt_search,1.19209289551e-05,12910,4303,aaa
bwt_search,1.38282775879e-05,6460,2153,random
bwt_search,2.00271606445e-05,12930,4309,aaa
bwt_search,1.12056732178e-05,6470,2156,random
bwt_search,1.4066696167e-05,12950,4316,aaa
bwt_search,1.09672546387e-05,6480,2160,random
bwt_search,2.09808349609e-05,12970,4323,aaa
bwt_search,1.59740447998e-05,6490,2163,random
bwt_search,1.4066696167e-05,12990,4329,aaa
bwt_search,1.21593475342e-05,6500,2166,random
bwt_search,1.28746032715e-05,13010,4336,aaa
bwt_search,1.4066696167e-05,6510,2170,random
bwt_search,1.4066696167e-05,13030,4343,aaa
bwt_search,1.38282775879e-05,6520,2173,random
bwt_search,2.71797180176e-05,13050,4349,aaa
bwt_search,2.09808349609e-05,6530,2176,random
bwt_search,1.59740447998e-05,13070,4356,aaa
bwt_search,1.19209289551e-05,6540,2180,random
bwt_search,1.50203704834e-05,13090,4363,aaa
bwt_search,1.59740447998e-05,6550,2183,random
bwt_search,2.09808349609e-05,13110,4369,aaa
bwt_search,1.50203704834e-05,6560,2186,random
bwt_search,1.59740447998e-05,13130,4376,aaa
bwt_search,1.21593475342e-05,6570,2190,random
bwt_search,2.90870666504e-05,13150,4383,aaa
bwt_search,1.69277191162e-05,6580,2193,random
bwt_search,1.4066696167e-05,13170,4389,aaa
bwt_search,3.91006469727e-05,6590,2196,random
bwt_search,1.19209289551e-05,13190,4396,aaa
bwt_search,1.09672546387e-05,6600,2200,random
bwt_search,1.81198120117e-05,13210,4403,aaa
bwt_search,1.19209289551e-05,6610,2203,random
bwt_search,2.59876251221e-05,13230,4409,aaa
bwt_search,1.4066696167e-05,6620,2206,random
bwt_search,1.47819519043e-05,13250,4416,aaa
bwt_search,2.28881835938e-05,6630,2210,random
bwt_search,1.62124633789e-05,13270,4423,aaa
bwt_search,1.59740447998e-05,6640,2213,random
bwt_search,1.78813934326e-05,13290,4429,aaa
bwt_search,1.4066696167e-05,6650,2216,random
bwt_search,1.69277191162e-05,13310,4436,aaa
bwt_search,1.21593475342e-05,6660,2220,random
bwt_search,1.38282775879e-05,13330,4443,aaa
bwt_search,1.4066696167e-05,6670,2223,random
bwt_search,1.8835067749e-05,13350,4449,aaa
bwt_search,2.00271606445e-05,6680,2226,random
bwt_search,1.28746032715e-05,13370,4456,aaa
bwt_search,1.19209289551e-05,6690,2230,random
bwt_search,1.50203704834e-05,13390,4463,aaa
bwt_search,1.19209289551e-05,6700,2233,random
bwt_search,1.81198120117e-05,13410,4469,aaa
bwt_search,1.28746032715e-05,6710,2236,random
bwt_search,1.38282775879e-05,13430,4476,aaa
bwt_search,2.31266021729e-05,6720,2240,random
bwt_search,1.50203704834e-05,13450,4483,aaa
bwt_search,1.28746032715e-05,6730,2243,random
bwt_search,1.50203704834e-05,13470,4489,aaa
bwt_search,1.28746032715e-05,6740,2246,random
bwt_search,3.981590271e-05,13490,4496,aaa
bwt_search,2.00271606445e-05,6750,2250,random
bwt_search,2.09808349609e-05,13510,4503,aaa
bwt_search,1.62124633789e-05,6760,2253,random
bwt_search,4.41074371338e-05,13530,4509,aaa
bwt_search,1.71661376953e-05,6770,2256,random
bwt_search,2.31266021729e-05,13550,4516,aaa
bwt_search,1.69277191162e-05,6780,2260,random
bwt_search,1.78813934326e-05,13570,4523,aaa
bwt_search,1.28746032715e-05,6790,2263,random
bwt_search,1.31130218506e-05,13590,4529,aaa
bwt_search,1.31130218506e-05,6800,2266,random
bwt_search,1.4066696167e-05,13610,4536,aaa
bwt_search,1.38282775879e-05,6810,2270,random
bwt_search,1.71661376953e-05,13630,4543,aaa
bwt_search,1.69277191162e-05,6820,2273,random
bwt_search,1.50203704834e-05,13650,4549,aaa
bwt_search,1.69277191162e-05,6830,2276,random
bwt_search,1.4066696167e-05,13670,4556,aaa
bwt_search,1.19209289551e-05,6840,2280,random
bwt_search,1.50203704834e-05,13690,4563,aaa
bwt_search,1.19209289551e-05,6850,2283,random
bwt_search,2.50339508057e-05,13710,4569,aaa
bwt_search,1.71661376953e-05,6860,2286,random
bwt_search,1.59740447998e-05,13730,4576,aaa
bwt_search,1.21593475342e-05,6870,2290,random
bwt_search,2.50339508057e-05,13750,4583,aaa
bwt_search,1.81198120117e-05,6880,2293,random
bwt_search,1.50203704834e-05,13770,4589,aaa
bwt_search,2.09808349609e-05,6890,2296,random
bwt_search,2.09808349609e-05,13790,4596,aaa
bwt_search,1.78813934326e-05,6900,2300,random
bwt_search,0.000212907791138,13810,4603,aaa
bwt_search,1.78813934326e-05,6910,2303,random
bwt_search,1.38282775879e-05,13830,4609,aaa
bwt_search,2.09808349609e-05,6920,2306,random
bwt_search,1.69277191162e-05,13850,4616,aaa
bwt_search,1.28746032715e-05,6930,2310,random
bwt_search,1.4066696167e-05,13870,4623,aaa
bwt_search,4.19616699219e-05,6940,2313,random
bwt_search,1.90734863281e-05,13890,4629,aaa
bwt_search,2.00271606445e-05,6950,2316,random
bwt_search,4.29153442383e-05,13910,4636,aaa
bwt_search,1.31130218506e-05,6960,2320,random
bwt_search,1.21593475342e-05,13930,4643,aaa
bwt_search,1.59740447998e-05,6970,2323,random
bwt_search,1.50203704834e-05,13950,4649,aaa
bwt_search,1.19209289551e-05,6980,2326,random
bwt_search,1.8835067749e-05,13970,4656,aaa
bwt_search,1.59740447998e-05,6990,2330,random
bwt_search,1.71661376953e-05,13990,4663,aaa
bwt_search,1.28746032715e-05,7000,2333,random
bwt_search,1.50203704834e-05,14010,4669,aaa
bwt_search,2.59876251221e-05,7010,2336,random
bwt_search,5.41210174561e-05,14030,4676,aaa
bwt_search,1.69277191162e-05,7020,2340,random
bwt_search,2.38418579102e-05,14050,4683,aaa
bwt_search,1.28746032715e-05,7030,2343,random
bwt_search,1.4066696167e-05,14070,4689,aaa
bwt_search,1.8835067749e-05,7040,2346,random
bwt_search,2.50339508057e-05,14090,4696,aaa
bwt_search,1.59740447998e-05,7050,2350,random
bwt_search,1.59740447998e-05,14110,4703,aaa
bwt_search,1.59740447998e-05,7060,2353,random
bwt_search,1.78813934326e-05,14130,4709,aaa
bwt_search,3.69548797607e-05,7070,2356,random
bwt_search,2.09808349609e-05,14150,4716,aaa
bwt_search,1.59740447998e-05,7080,2360,random
bwt_search,2.00271606445e-05,14170,4723,aaa
bwt_search,6.79492950439e-05,7090,2363,random
bwt_search,1.90734863281e-05,14190,4729,aaa
bwt_search,3.09944152832e-05,7100,2366,random
bwt_search,1.4066696167e-05,14210,4736,aaa
bwt_search,1.4066696167e-05,7110,2370,random
bwt_search,2.28881835938e-05,14230,4743,aaa
bwt_search,1.4066696167e-05,7120,2373,random
bwt_search,2.21729278564e-05,14250,4749,aaa
bwt_search,1.19209289551e-05,7130,2376,random
bwt_search,1.28746032715e-05,14270,4756,aaa
bwt_search,2.09808349609e-05,7140,2380,random
bwt_search,2.78949737549e-05,14290,4763,aaa
bwt_search,3.88622283936e-05,7150,2383,random
bwt_search,2.40802764893e-05,14310,4769,aaa
bwt_search,2.47955322266e-05,7160,2386,random
bwt_search,1.4066696167e-05,14330,4776,aaa
bwt_search,6.60419464111e-05,7170,2390,random
bwt_search,1.90734863281e-05,14350,4783,aaa
bwt_search,4.00543212891e-05,7180,2393,random
bwt_search,5.69820404053e-05,14370,4789,aaa
bwt_search,4.41074371338e-05,7190,2396,random
bwt_search,1.50203704834e-05,14390,4796,aaa
bwt_search,1.31130218506e-05,7200,2400,random
bwt_search,1.50203704834e-05,14410,4803,aaa
bwt_search,1.50203704834e-05,7210,2403,random
bwt_search,3.19480895996e-05,14430,4809,aaa
bwt_search,2.19345092773e-05,7220,2406,random
bwt_search,1.69277191162e-05,14450,4816,aaa
bwt_search,1.4066696167e-05,7230,2410,random
bwt_search,2.59876251221e-05,14470,4823,aaa
bwt_search,7.79628753662e-05,7240,2413,random
bwt_search,7.70092010498e-05,14490,4829,aaa
bwt_search,3.91006469727e-05,7250,2416,random
bwt_search,1.8835067749e-05,14510,4836,aaa
bwt_search,1.90734863281e-05,7260,2420,random
bwt_search,7.58171081543e-05,14530,4843,aaa
bwt_search,4.72068786621e-05,7270,2423,random
bwt_search,2.09808349609e-05,14550,4849,aaa
bwt_search,2.09808349609e-05,7280,2426,random
bwt_search,2.59876251221e-05,14570,4856,aaa
bwt_search,1.50203704834e-05,7290,2430,random
bwt_search,3.2901763916e-05,14590,4863,aaa
bwt_search,3.31401824951e-05,7300,2433,random
bwt_search,1.78813934326e-05,14610,4869,aaa
bwt_search,7.9870223999e-05,7310,2436,random
bwt_search,3.2901763916e-05,14630,4876,aaa
bwt_search,2.40802764893e-05,7320,2440,random
bwt_search,1.8835067749e-05,14650,4883,aaa
bwt_search,2.59876251221e-05,7330,2443,random
bwt_search,2.19345092773e-05,14670,4889,aaa
bwt_search,1.59740447998e-05,7340,2446,random
bwt_search,1.59740447998e-05,14690,4896,aaa
bwt_search,2.121925354e-05,7350,2450,random
bwt_search,6.07967376709e-05,14710,4903,aaa
bwt_search,1.90734863281e-05,7360,2453,random
bwt_search,2.00271606445e-05,14730,4909,aaa
bwt_search,2.50339508057e-05,7370,2456,random
bwt_search,2.09808349609e-05,14750,4916,aaa
bwt_search,1.28746032715e-05,7380,2460,random
bwt_search,2.00271606445e-05,14770,4923,aaa
bwt_search,1.78813934326e-05,7390,2463,random
bwt_search,2.31266021729e-05,14790,4929,aaa
bwt_search,2.19345092773e-05,7400,2466,random
bwt_search,1.62124633789e-05,14810,4936,aaa
bwt_search,3.19480895996e-05,7410,2470,random
bwt_search,1.71661376953e-05,14830,4943,aaa
bwt_search,4.10079956055e-05,7420,2473,random
bwt_search,2.69412994385e-05,14850,4949,aaa
bwt_search,1.71661376953e-05,7430,2476,random
bwt_search,3.60012054443e-05,14870,4956,aaa
bwt_search,1.59740447998e-05,7440,2480,random
bwt_search,1.4066696167e-05,14890,4963,aaa
bwt_search,1.50203704834e-05,7450,2483,random
bwt_search,1.90734863281e-05,14910,4969,aaa
bwt_search,3.09944152832e-05,7460,2486,random
bwt_search,1.50203704834e-05,14930,4976,aaa
bwt_search,1.8835067749e-05,7470,2490,random
bwt_search,1.71661376953e-05,14950,4983,aaa
bwt_search,7.29560852051e-05,7480,2493,random
bwt_search,1.50203704834e-05,14970,4989,aaa
bwt_search,1.31130218506e-05,7490,2496,random
bwt_search,1.4066696167e-05,14990,4996,aaa
bwt_search,1.69277191162e-05,7500,2500,random
bwt_search,1.4066696167e-05,15010,5003,aaa
bwt_search,2.47955322266e-05,7510,2503,random
bwt_search,2.28881835938e-05,15030,5009,aaa
bwt_search,3.69548797607e-05,7520,2506,random
bwt_search,1.47819519043e-05,15050,5016,aaa
bwt_search,1.4066696167e-05,7530,2510,random
bwt_search,5.19752502441e-05,15070,5023,aaa
bwt_search,1.78813934326e-05,7540,2513,random
bwt_search,1.38282775879e-05,15090,5029,aaa
bwt_search,2.121925354e-05,7550,2516,random
bwt_search,3.60012054443e-05,15110,5036,aaa
bwt_search,1.31130218506e-05,7560,2520,random
bwt_search,1.59740447998e-05,15130,5043,aaa
bwt_search,1.4066696167e-05,7570,2523,random
bwt_search,4.00543212891e-05,15150,5049,aaa
bwt_search,1.31130218506e-05,7580,2526,random
bwt_search,1.59740447998e-05,15170,5056,aaa
bwt_search,1.81198120117e-05,7590,2530,random
bwt_search,2.21729278564e-05,15190,5063,aaa
bwt_search,1.4066696167e-05,7600,2533,random
bwt_search,1.62124633789e-05,15210,5069,aaa
bwt_search,1.78813934326e-05,7610,2536,random
bwt_search,1.59740447998e-05,15230,5076,aaa
bwt_search,1.50203704834e-05,7620,2540,random
bwt_search,1.59740447998e-05,15250,5083,aaa
bwt_search,2.28881835938e-05,7630,2543,random
bwt_search,1.50203704834e-05,15270,5089,aaa
bwt_search,1.4066696167e-05,7640,2546,random
bwt_search,1.19209289551e-05,15290,5096,aaa
bwt_search,1.90734863281e-05,7650,2550,random
bwt_search,2.59876251221e-05,15310,5103,aaa
bwt_search,2.28881835938e-05,7660,2553,random
bwt_search,6.98566436768e-05,15330,5109,aaa
bwt_search,3.09944152832e-05,7670,2556,random
bwt_search,2.00271606445e-05,15350,5116,aaa
bwt_search,1.50203704834e-05,7680,2560,random
bwt_search,1.4066696167e-05,15370,5123,aaa
bwt_search,1.50203704834e-05,7690,2563,random
bwt_search,1.50203704834e-05,15390,5129,aaa
bwt_search,1.50203704834e-05,7700,2566,random
bwt_search,1.50203704834e-05,15410,5136,aaa
bwt_search,1.47819519043e-05,7710,2570,random
bwt_search,2.31266021729e-05,15430,5143,aaa
bwt_search,2.90870666504e-05,7720,2573,random
bwt_search,5.91278076172e-05,15450,5149,aaa
bwt_search,2.78949737549e-05,7730,2576,random
bwt_search,4.60147857666e-05,15470,5156,aaa
bwt_search,1.59740447998e-05,7740,2580,random
bwt_search,1.38282775879e-05,15490,5163,aaa
bwt_search,1.50203704834e-05,7750,2583,random
bwt_search,2.78949737549e-05,15510,5169,aaa
bwt_search,1.71661376953e-05,7760,2586,random
bwt_search,1.69277191162e-05,15530,5176,aaa
bwt_search,1.97887420654e-05,7770,2590,random
bwt_search,1.50203704834e-05,15550,5183,aaa
bwt_search,4.19616699219e-05,7780,2593,random
bwt_search,1.69277191162e-05,15570,5189,aaa
bwt_search,1.59740447998e-05,7790,2596,random
bwt_search,1.78813934326e-05,15590,5196,aaa
bwt_search,1.4066696167e-05,7800,2600,random
bwt_search,2.09808349609e-05,15610,5203,aaa
bwt_search,1.50203704834e-05,7810,2603,random
bwt_search,1.90734863281e-05,15630,5209,aaa
bwt_search,1.50203704834e-05,7820,2606,random
bwt_search,1.78813934326e-05,15650,5216,aaa
bwt_search,0.00016713142395,7830,2610,random
bwt_search,1.69277191162e-05,15670,5223,aaa
bwt_search,1.8835067749e-05,7840,2613,random
bwt_search,1.28746032715e-05,15690,5229,aaa
bwt_search,1.28746032715e-05,7850,2616,random
bwt_search,2.00271606445e-05,15710,5236,aaa
bwt_search,1.28746032715e-05,7860,2620,random
bwt_search,1.4066696167e-05,15730,5243,aaa
bwt_search,1.59740447998e-05,7870,2623,random
bwt_search,1.38282775879e-05,15750,5249,aaa
bwt_search,1.69277191162e-05,7880,2626,random
bwt_search,1.4066696167e-05,15770,5256,aaa
bwt_search,1.19209289551e-05,7890,2630,random
bwt_search,1.28746032715e-05,15790,5263,aaa
bwt_search,1.4066696167e-05,7900,2633,random
bwt_search,1.50203704834e-05,15810,5269,aaa
bwt_search,2.50339508057e-05,7910,2636,random
bwt_search,1.78813934326e-05,15830,5276,aaa
bwt_search,1.50203704834e-05,7920,2640,random
bwt_search,2.09808349609e-05,15850,5283,aaa
bwt_search,2.31266021729e-05,7930,2643,random
bwt_search,2.00271606445e-05,15870,5289,aaa
bwt_search,1.4066696167e-05,7940,2646,random
bwt_search,1.59740447998e-05,15890,5296,aaa
bwt_search,3.81469726562e-05,7950,2650,random
bwt_search,1.59740447998e-05,15910,5303,aaa
bwt_search,8.98838043213e-05,7960,2653,random
bwt_search,1.59740447998e-05,15930,5309,aaa
bwt_search,1.50203704834e-05,7970,2656,random
bwt_search,1.50203704834e-05,15950,5316,aaa
bwt_search,2.19345092773e-05,7980,2660,random
bwt_search,1.78813934326e-05,15970,5323,aaa
bwt_search,1.90734863281e-05,7990,2663,random
bwt_search,1.69277191162e-05,15990,5329,aaa
bwt_search,2.19345092773e-05,8000,2666,random
bwt_search,1.59740447998e-05,16010,5336,aaa
bwt_search,1.47819519043e-05,8010,2670,random
bwt_search,1.71661376953e-05,16030,5343,aaa
bwt_search,1.78813934326e-05,8020,2673,random
bwt_search,1.90734863281e-05,16050,5349,aaa
bwt_search,4.19616699219e-05,8030,2676,random
bwt_search,2.90870666504e-05,16070,5356,aaa
bwt_search,3.60012054443e-05,8040,2680,random
bwt_search,3.00407409668e-05,16090,5363,aaa
bwt_search,2.69412994385e-05,8050,2683,random
bwt_search,2.00271606445e-05,16110,5369,aaa
bwt_search,3.09944152832e-05,8060,2686,random
bwt_search,1.50203704834e-05,16130,5376,aaa
bwt_search,2.38418579102e-05,8070,2690,random
bwt_search,1.97887420654e-05,16150,5383,aaa
bwt_search,2.59876251221e-05,8080,2693,random
bwt_search,2.69412994385e-05,16170,5389,aaa
bwt_search,1.28746032715e-05,8090,2696,random
bwt_search,1.69277191162e-05,16190,5396,aaa
bwt_search,1.38282775879e-05,8100,2700,random
bwt_search,0.000110864639282,16210,5403,aaa
bwt_search,2.00271606445e-05,8110,2703,random
bwt_search,2.19345092773e-05,16230,5409,aaa
bwt_search,1.50203704834e-05,8120,2706,random
bwt_search,1.71661376953e-05,16250,5416,aaa
bwt_search,1.4066696167e-05,8130,2710,random
bwt_search,0.000463008880615,16270,5423,aaa
bwt_search,2.00271606445e-05,8140,2713,random
bwt_search,2.19345092773e-05,16290,5429,aaa
bwt_search,1.50203704834e-05,8150,2716,random
bwt_search,2.28881835938e-05,16310,5436,aaa
bwt_search,1.69277191162e-05,8160,2720,random
bwt_search,3.60012054443e-05,16330,5443,aaa
bwt_search,2.00271606445e-05,8170,2723,random
bwt_search,2.69412994385e-05,16350,5449,aaa
bwt_search,1.78813934326e-05,8180,2726,random
bwt_search,3.38554382324e-05,16370,5456,aaa
bwt_search,1.50203704834e-05,8190,2730,random
bwt_search,2.00271606445e-05,16390,5463,aaa
bwt_search,1.4066696167e-05,8200,2733,random
bwt_search,1.81198120117e-05,16410,5469,aaa
bwt_search,1.69277191162e-05,8210,2736,random
bwt_search,3.2901763916e-05,16430,5476,aaa
bwt_search,1.47819519043e-05,8220,2740,random
bwt_search,1.50203704834e-05,16450,5483,aaa
bwt_search,1.69277191162e-05,8230,2743,random
bwt_search,3.40938568115e-05,16470,5489,aaa
bwt_search,1.78813934326e-05,8240,2746,random
bwt_search,1.81198120117e-05,16490,5496,aaa
bwt_search,2.19345092773e-05,8250,2750,random
bwt_search,1.4066696167e-05,16510,5503,aaa
bwt_search,1.59740447998e-05,8260,2753,random
bwt_search,1.50203704834e-05,16530,5509,aaa
bwt_search,1.4066696167e-05,8270,2756,random
bwt_search,1.69277191162e-05,16550,5516,aaa
bwt_search,1.59740447998e-05,8280,2760,random
bwt_search,2.00271606445e-05,16570,5523,aaa
bwt_search,1.50203704834e-05,8290,2763,random
bwt_search,1.78813934326e-05,16590,5529,aaa
bwt_search,3.09944152832e-05,8300,2766,random
bwt_search,1.78813934326e-05,16610,5536,aaa
bwt_search,1.38282775879e-05,8310,2770,random
bwt_search,6.22272491455e-05,16630,5543,aaa
bwt_search,1.78813934326e-05,8320,2773,random
bwt_search,1.59740447998e-05,16650,5549,aaa
bwt_search,1.59740447998e-05,8330,2776,random
bwt_search,3.19480895996e-05,16670,5556,aaa
bwt_search,1.8835067749e-05,8340,2780,random
bwt_search,1.69277191162e-05,16690,5563,aaa
bwt_search,2.50339508057e-05,8350,2783,random
bwt_search,2.88486480713e-05,16710,5569,aaa
bwt_search,9.58442687988e-05,8360,2786,random
bwt_search,2.09808349609e-05,16730,5576,aaa
bwt_search,2.00271606445e-05,8370,2790,random
bwt_search,1.90734863281e-05,16750,5583,aaa
bwt_search,1.4066696167e-05,8380,2793,random
bwt_search,2.00271606445e-05,16770,5589,aaa
bwt_search,1.4066696167e-05,8390,2796,random
bwt_search,2.59876251221e-05,16790,5596,aaa
bwt_search,1.59740447998e-05,8400,2800,random
bwt_search,2.50339508057e-05,16810,5603,aaa
bwt_search,2.90870666504e-05,8410,2803,random
bwt_search,1.69277191162e-05,16830,5609,aaa
bwt_search,3.71932983398e-05,8420,2806,random
bwt_search,3.09944152832e-05,16850,5616,aaa
bwt_search,1.4066696167e-05,8430,2810,random
bwt_search,1.62124633789e-05,16870,5623,aaa
bwt_search,1.59740447998e-05,8440,2813,random
bwt_search,1.50203704834e-05,16890,5629,aaa
bwt_search,2.78949737549e-05,8450,2816,random
bwt_search,4.19616699219e-05,16910,5636,aaa
bwt_search,1.81198120117e-05,8460,2820,random
bwt_search,1.69277191162e-05,16930,5643,aaa
bwt_search,3.00407409668e-05,8470,2823,random
bwt_search,1.69277191162e-05,16950,5649,aaa
bwt_search,1.50203704834e-05,8480,2826,random
bwt_search,2.38418579102e-05,16970,5656,aaa
bwt_search,1.47819519043e-05,8490,2830,random
bwt_search,2.19345092773e-05,16990,5663,aaa
bwt_search,1.59740447998e-05,8500,2833,random
bwt_search,2.21729278564e-05,17010,5669,aaa
bwt_search,2.8133392334e-05,8510,2836,random
bwt_search,3.09944152832e-05,17030,5676,aaa
bwt_search,3.69548797607e-05,8520,2840,random
bwt_search,2.69412994385e-05,17050,5683,aaa
bwt_search,1.78813934326e-05,8530,2843,random
bwt_search,9.10758972168e-05,17070,5689,aaa
bwt_search,1.81198120117e-05,8540,2846,random
bwt_search,2.00271606445e-05,17090,5696,aaa
bwt_search,1.59740447998e-05,8550,2850,random
bwt_search,3.09944152832e-05,17110,5703,aaa
bwt_search,3.88622283936e-05,8560,2853,random
bwt_search,3.09944152832e-05,17130,5709,aaa
bwt_search,1.4066696167e-05,8570,2856,random
bwt_search,1.81198120117e-05,17150,5716,aaa
bwt_search,1.81198120117e-05,8580,2860,random
bwt_search,2.00271606445e-05,17170,5723,aaa
bwt_search,2.40802764893e-05,8590,2863,random
bwt_search,0.000102996826172,17190,5729,aaa
bwt_search,2.69412994385e-05,8600,2866,random
bwt_search,1.8835067749e-05,17210,5736,aaa
bwt_search,2.8133392334e-05,8610,2870,random
bwt_search,2.09808349609e-05,17230,5743,aaa
bwt_search,1.71661376953e-05,8620,2873,random
bwt_search,2.50339508057e-05,17250,5749,aaa
bwt_search,4.29153442383e-05,8630,2876,random
bwt_search,2.31266021729e-05,17270,5756,aaa
bwt_search,1.90734863281e-05,8640,2880,random
bwt_search,2.19345092773e-05,17290,5763,aaa
bwt_search,2.19345092773e-05,8650,2883,random
bwt_search,2.19345092773e-05,17310,5769,aaa
bwt_search,1.50203704834e-05,8660,2886,random
bwt_search,1.62124633789e-05,17330,5776,aaa
bwt_search,3.19480895996e-05,8670,2890,random
bwt_search,4.00543212891e-05,17350,5783,aaa
bwt_search,2.40802764893e-05,8680,2893,random
bwt_search,1.50203704834e-05,17370,5789,aaa
bwt_search,2.50339508057e-05,8690,2896,random
bwt_search,2.19345092773e-05,17390,5796,aaa
bwt_search,1.90734863281e-05,8700,2900,random
bwt_search,2.28881835938e-05,17410,5803,aaa
bwt_search,1.50203704834e-05,8710,2903,random
bwt_search,2.28881835938e-05,17430,5809,aaa
bwt_search,2.00271606445e-05,8720,2906,random
bwt_search,2.00271606445e-05,17450,5816,aaa
bwt_search,1.69277191162e-05,8730,2910,random
bwt_search,4.29153442383e-05,17470,5823,aaa
bwt_search,1.69277191162e-05,8740,2913,random
bwt_search,2.50339508057e-05,17490,5829,aaa
bwt_search,2.09808349609e-05,8750,2916,random
bwt_search,2.19345092773e-05,17510,5836,aaa
bwt_search,2.78949737549e-05,8760,2920,random
bwt_search,1.59740447998e-05,17530,5843,aaa
bwt_search,2.40802764893e-05,8770,2923,random
bwt_search,2.09808349609e-05,17550,5849,aaa
bwt_search,1.81198120117e-05,8780,2926,random
bwt_search,2.40802764893e-05,17570,5856,aaa
bwt_search,1.81198120117e-05,8790,2930,random
bwt_search,2.31266021729e-05,17590,5863,aaa
bwt_search,2.38418579102e-05,8800,2933,random
bwt_search,2.19345092773e-05,17610,5869,aaa
bwt_search,1.71661376953e-05,8810,2936,random
bwt_search,1.59740447998e-05,17630,5876,aaa
bwt_search,1.59740447998e-05,8820,2940,random
bwt_search,2.8133392334e-05,17650,5883,aaa
bwt_search,1.78813934326e-05,8830,2943,random
bwt_search,1.78813934326e-05,17670,5889,aaa
bwt_search,2.69412994385e-05,8840,2946,random
bwt_search,2.62260437012e-05,17690,5896,aaa
bwt_search,2.28881835938e-05,8850,2950,random
bwt_search,1.78813934326e-05,17710,5903,aaa
bwt_search,1.71661376953e-05,8860,2953,random
bwt_search,1.69277191162e-05,17730,5909,aaa
bwt_search,1.59740447998e-05,8870,2956,random
bwt_search,4.91142272949e-05,17750,5916,aaa
bwt_search,1.50203704834e-05,8880,2960,random
bwt_search,2.8133392334e-05,17770,5923,aaa
bwt_search,2.47955322266e-05,8890,2963,random
bwt_search,2.09808349609e-05,17790,5929,aaa
bwt_search,5.41210174561e-05,8900,2966,random
bwt_search,3.00407409668e-05,17810,5936,aaa
bwt_search,1.59740447998e-05,8910,2970,random
bwt_search,2.00271606445e-05,17830,5943,aaa
bwt_search,2.28881835938e-05,8920,2973,random
bwt_search,1.90734863281e-05,17850,5949,aaa
bwt_search,1.62124633789e-05,8930,2976,random
bwt_search,5.29289245605e-05,17870,5956,aaa
bwt_search,2.09808349609e-05,8940,2980,random
bwt_search,2.00271606445e-05,17890,5963,aaa
bwt_search,1.50203704834e-05,8950,2983,random
bwt_search,2.09808349609e-05,17910,5969,aaa
bwt_search,2.00271606445e-05,8960,2986,random
bwt_search,3.50475311279e-05,17930,5976,aaa
bwt_search,1.90734863281e-05,8970,2990,random
bwt_search,1.59740447998e-05,17950,5983,aaa
bwt_search,1.59740447998e-05,8980,2993,random
bwt_search,2.09808349609e-05,17970,5989,aaa
bwt_search,2.90870666504e-05,8990,2996,random
bwt_search,1.78813934326e-05,17990,5996,aaa
bwt_search,1.71661376953e-05,9000,3000,random
bwt_search,2.31266021729e-05,18010,6003,aaa
bwt_search,1.71661376953e-05,9010,3003,random
bwt_search,3.19480895996e-05,18030,6009,aaa
bwt_search,1.90734863281e-05,9020,3006,random
bwt_search,1.71661376953e-05,18050,6016,aaa
bwt_search,2.09808349609e-05,9030,3010,random
bwt_search,3.38554382324e-05,18070,6023,aaa
bwt_search,2.59876251221e-05,9040,3013,random
bwt_search,5.3882598877e-05,18090,6029,aaa
bwt_search,2.09808349609e-05,9050,3016,random
bwt_search,2.98023223877e-05,18110,6036,aaa
bwt_search,1.47819519043e-05,9060,3020,random
bwt_search,1.59740447998e-05,18130,6043,aaa
bwt_search,2.00271606445e-05,9070,3023,random
bwt_search,0.000195026397705,18150,6049,aaa
bwt_search,2.00271606445e-05,9080,3026,random
bwt_search,2.59876251221e-05,18170,6056,aaa
bwt_search,2.50339508057e-05,9090,3030,random
bwt_search,3.09944152832e-05,18190,6063,aaa
bwt_search,2.00271606445e-05,9100,3033,random
bwt_search,1.78813934326e-05,18210,6069,aaa
bwt_search,1.50203704834e-05,9110,3036,random
bwt_search,1.78813934326e-05,18230,6076,aaa
bwt_search,1.50203704834e-05,9120,3040,random
bwt_search,4.38690185547e-05,18250,6083,aaa
bwt_search,1.8835067749e-05,9130,3043,random
bwt_search,1.90734863281e-05,18270,6089,aaa
bwt_search,1.90734863281e-05,9140,3046,random
bwt_search,3.69548797607e-05,18290,6096,aaa
bwt_search,2.19345092773e-05,9150,3050,random
bwt_search,2.19345092773e-05,18310,6103,aaa
bwt_search,1.4066696167e-05,9160,3053,random
bwt_search,2.50339508057e-05,18330,6109,aaa
bwt_search,1.90734863281e-05,9170,3056,random
bwt_search,2.09808349609e-05,18350,6116,aaa
bwt_search,3.60012054443e-05,9180,3060,random
bwt_search,3.2901763916e-05,18370,6123,aaa
bwt_search,1.71661376953e-05,9190,3063,random
bwt_search,1.78813934326e-05,18390,6129,aaa
bwt_search,3.2901763916e-05,9200,3066,random
bwt_search,2.09808349609e-05,18410,6136,aaa
bwt_search,2.31266021729e-05,9210,3070,random
bwt_search,3.09944152832e-05,18430,6143,aaa
bwt_search,1.59740447998e-05,9220,3073,random
bwt_search,3.50475311279e-05,18450,6149,aaa
bwt_search,2.00271606445e-05,9230,3076,random
bwt_search,2.00271606445e-05,18470,6156,aaa
bwt_search,1.69277191162e-05,9240,3080,random
bwt_search,2.50339508057e-05,18490,6163,aaa
bwt_search,1.50203704834e-05,9250,3083,random
bwt_search,2.90870666504e-05,18510,6169,aaa
bwt_search,2.00271606445e-05,9260,3086,random
bwt_search,0.000602006912231,18530,6176,aaa
bwt_search,2.21729278564e-05,9270,3090,random
bwt_search,1.71661376953e-05,18550,6183,aaa
bwt_search,2.21729278564e-05,9280,3093,random
bwt_search,1.69277191162e-05,18570,6189,aaa
bwt_search,3.31401824951e-05,9290,3096,random
bwt_search,2.69412994385e-05,18590,6196,aaa
bwt_search,3.00407409668e-05,9300,3100,random
bwt_search,1.8835067749e-05,18610,6203,aaa
bwt_search,2.19345092773e-05,9310,3103,random
bwt_search,2.00271606445e-05,18630,6209,aaa
bwt_search,1.90734863281e-05,9320,3106,random
bwt_search,2.50339508057e-05,18650,6216,aaa
bwt_search,2.31266021729e-05,9330,3110,random
bwt_search,2.40802764893e-05,18670,6223,aaa
bwt_search,1.69277191162e-05,9340,3113,random
bwt_search,1.69277191162e-05,18690,6229,aaa
bwt_search,2.19345092773e-05,9350,3116,random
bwt_search,3.50475311279e-05,18710,6236,aaa
bwt_search,2.00271606445e-05,9360,3120,random
bwt_search,3.09944152832e-05,18730,6243,aaa
bwt_search,6.38961791992e-05,9370,3123,random
bwt_search,2.88486480713e-05,18750,6249,aaa
bwt_search,1.59740447998e-05,9380,3126,random
bwt_search,2.28881835938e-05,18770,6256,aaa
bwt_search,6.19888305664e-05,9390,3130,random
bwt_search,2.50339508057e-05,18790,6263,aaa
bwt_search,2.59876251221e-05,9400,3133,random
bwt_search,2.09808349609e-05,18810,6269,aaa
bwt_search,3.50475311279e-05,9410,3136,random
bwt_search,2.50339508057e-05,18830,6276,aaa
bwt_search,5.50746917725e-05,9420,3140,random
bwt_search,2.40802764893e-05,18850,6283,aaa
bwt_search,1.50203704834e-05,9430,3143,random
bwt_search,2.09808349609e-05,18870,6289,aaa
bwt_search,2.19345092773e-05,9440,3146,random
bwt_search,5.07831573486e-05,18890,6296,aaa
bwt_search,1.81198120117e-05,9450,3150,random
bwt_search,1.78813934326e-05,18910,6303,aaa
bwt_search,1.78813934326e-05,9460,3153,random
bwt_search,2.71797180176e-05,18930,6309,aaa
bwt_search,1.71661376953e-05,9470,3156,random
bwt_search,2.47955322266e-05,18950,6316,aaa
bwt_search,2.40802764893e-05,9480,3160,random
bwt_search,2.28881835938e-05,18970,6323,aaa
bwt_search,2.31266021729e-05,9490,3163,random
bwt_search,1.90734863281e-05,18990,6329,aaa
bwt_search,2.59876251221e-05,9500,3166,random
bwt_search,2.09808349609e-05,19010,6336,aaa
bwt_search,1.59740447998e-05,9510,3170,random
bwt_search,2.8133392334e-05,19030,6343,aaa
bwt_search,2.00271606445e-05,9520,3173,random
bwt_search,0.000476837158203,19050,6349,aaa
bwt_search,1.59740447998e-05,9530,3176,random
bwt_search,3.19480895996e-05,19070,6356,aaa
bwt_search,1.81198120117e-05,9540,3180,random
bwt_search,3.00407409668e-05,19090,6363,aaa
bwt_search,1.69277191162e-05,9550,3183,random
bwt_search,4.38690185547e-05,19110,6369,aaa
bwt_search,1.47819519043e-05,9560,3186,random
bwt_search,2.69412994385e-05,19130,6376,aaa
bwt_search,2.09808349609e-05,9570,3190,random
bwt_search,0.000123977661133,19150,6383,aaa
bwt_search,2.28881835938e-05,9580,3193,random
bwt_search,1.71661376953e-05,19170,6389,aaa
bwt_search,2.59876251221e-05,9590,3196,random
bwt_search,2.28881835938e-05,19190,6396,aaa
bwt_search,0.000132083892822,9600,3200,random
bwt_search,2.00271606445e-05,19210,6403,aaa
bwt_search,2.50339508057e-05,9610,3203,random
bwt_search,6.103515625e-05,19230,6409,aaa
bwt_search,2.71797180176e-05,9620,3206,random
bwt_search,1.81198120117e-05,19250,6416,aaa
bwt_search,9.29832458496e-05,9630,3210,random
bwt_search,0.000529050827026,19270,6423,aaa
bwt_search,1.69277191162e-05,9640,3213,random
bwt_search,1.69277191162e-05,19290,6429,aaa
bwt_search,1.81198120117e-05,9650,3216,random
bwt_search,2.19345092773e-05,19310,6436,aaa
bwt_search,1.71661376953e-05,9660,3220,random
bwt_search,2.90870666504e-05,19330,6443,aaa
bwt_search,4.00543212891e-05,9670,3223,random
bwt_search,2.59876251221e-05,19350,6449,aaa
bwt_search,2.19345092773e-05,9680,3226,random
bwt_search,1.81198120117e-05,19370,6456,aaa
bwt_search,6.79492950439e-05,9690,3230,random
bwt_search,1.69277191162e-05,19390,6463,aaa
bwt_search,2.59876251221e-05,9700,3233,random
bwt_search,0.000102043151855,19410,6469,aaa
bwt_search,2.121925354e-05,9710,3236,random
bwt_search,1.59740447998e-05,19430,6476,aaa
bwt_search,2.19345092773e-05,9720,3240,random
bwt_search,2.59876251221e-05,19450,6483,aaa
bwt_search,2.09808349609e-05,9730,3243,random
bwt_search,2.90870666504e-05,19470,6489,aaa
bwt_search,3.88622283936e-05,9740,3246,random
bwt_search,2.8133392334e-05,19490,6496,aaa
bwt_search,2.69412994385e-05,9750,3250,random
bwt_search,1.90734863281e-05,19510,6503,aaa
bwt_search,2.09808349609e-05,9760,3253,random
bwt_search,3.88622283936e-05,19530,6509,aaa
bwt_search,2.21729278564e-05,9770,3256,random
bwt_search,4.00543212891e-05,19550,6516,aaa
bwt_search,1.71661376953e-05,9780,3260,random
bwt_search,2.59876251221e-05,19570,6523,aaa
bwt_search,1.69277191162e-05,9790,3263,random
bwt_search,2.28881835938e-05,19590,6529,aaa
bwt_search,1.59740447998e-05,9800,3266,random
bwt_search,2.09808349609e-05,19610,6536,aaa
bwt_search,1.69277191162e-05,9810,3270,random
bwt_search,1.78813934326e-05,19630,6543,aaa
bwt_search,1.69277191162e-05,9820,3273,random
bwt_search,2.09808349609e-05,19650,6549,aaa
bwt_search,2.40802764893e-05,9830,3276,random
bwt_search,2.69412994385e-05,19670,6556,aaa
bwt_search,2.28881835938e-05,9840,3280,random
bwt_search,3.19480895996e-05,19690,6563,aaa
bwt_search,1.69277191162e-05,9850,3283,random
bwt_search,2.19345092773e-05,19710,6569,aaa
bwt_search,1.59740447998e-05,9860,3286,random
bwt_search,1.97887420654e-05,19730,6576,aaa
bwt_search,3.09944152832e-05,9870,3290,random
bwt_search,4.00543212891e-05,19750,6583,aaa
bwt_search,2.47955322266e-05,9880,3293,random
bwt_search,4.29153442383e-05,19770,6589,aaa
bwt_search,3.69548797607e-05,9890,3296,random
bwt_search,1.8835067749e-05,19790,6596,aaa
bwt_search,1.59740447998e-05,9900,3300,random
bwt_search,2.09808349609e-05,19810,6603,aaa
bwt_search,1.8835067749e-05,9910,3303,random
bwt_search,4.19616699219e-05,19830,6609,aaa
bwt_search,1.59740447998e-05,9920,3306,random
bwt_search,1.78813934326e-05,19850,6616,aaa
bwt_search,2.09808349609e-05,9930,3310,random
bwt_search,2.38418579102e-05,19870,6623,aaa
bwt_search,2.50339508057e-05,9940,3313,random
bwt_search,2.00271606445e-05,19890,6629,aaa
bwt_search,1.69277191162e-05,9950,3316,random
bwt_search,3.19480895996e-05,19910,6636,aaa
bwt_search,1.90734863281e-05,9960,3320,random
bwt_search,1.90734863281e-05,19930,6643,aaa
bwt_search,1.90734863281e-05,9970,3323,random
bwt_search,0.000480175018311,19950,6649,aaa
bwt_search,2.09808349609e-05,9980,3326,random
bwt_search,2.09808349609e-05,19970,6656,aaa
bwt_search,2.88486480713e-05,9990,3330,random
